Apache Maven 3.9.4 (dfbb324ad4a7c8fb0bf182e6d91b0ae20e3d2dd9)
Maven home: /home/bdouirat/apache-maven-3.9.4
Java version: 17.0.16, vendor: Ubuntu, runtime: /usr/lib/jvm/java-17-openjdk-amd64
Default locale: en_US, platform encoding: UTF-8
OS name: "linux", version: "6.8.0-85-generic", arch: "amd64", family: "unix"
[DEBUG] Created new class realm maven.api
[DEBUG] Importing foreign packages into class realm maven.api
[DEBUG]   Imported: javax.annotation.* < plexus.core
[DEBUG]   Imported: javax.annotation.security.* < plexus.core
[DEBUG]   Imported: javax.inject.* < plexus.core
[DEBUG]   Imported: org.apache.maven.* < plexus.core
[DEBUG]   Imported: org.apache.maven.artifact < plexus.core
[DEBUG]   Imported: org.apache.maven.classrealm < plexus.core
[DEBUG]   Imported: org.apache.maven.cli < plexus.core
[DEBUG]   Imported: org.apache.maven.configuration < plexus.core
[DEBUG]   Imported: org.apache.maven.exception < plexus.core
[DEBUG]   Imported: org.apache.maven.execution < plexus.core
[DEBUG]   Imported: org.apache.maven.execution.scope < plexus.core
[DEBUG]   Imported: org.apache.maven.graph < plexus.core
[DEBUG]   Imported: org.apache.maven.lifecycle < plexus.core
[DEBUG]   Imported: org.apache.maven.model < plexus.core
[DEBUG]   Imported: org.apache.maven.monitor < plexus.core
[DEBUG]   Imported: org.apache.maven.plugin < plexus.core
[DEBUG]   Imported: org.apache.maven.profiles < plexus.core
[DEBUG]   Imported: org.apache.maven.project < plexus.core
[DEBUG]   Imported: org.apache.maven.reporting < plexus.core
[DEBUG]   Imported: org.apache.maven.repository < plexus.core
[DEBUG]   Imported: org.apache.maven.rtinfo < plexus.core
[DEBUG]   Imported: org.apache.maven.settings < plexus.core
[DEBUG]   Imported: org.apache.maven.toolchain < plexus.core
[DEBUG]   Imported: org.apache.maven.usability < plexus.core
[DEBUG]   Imported: org.apache.maven.wagon.* < plexus.core
[DEBUG]   Imported: org.apache.maven.wagon.authentication < plexus.core
[DEBUG]   Imported: org.apache.maven.wagon.authorization < plexus.core
[DEBUG]   Imported: org.apache.maven.wagon.events < plexus.core
[DEBUG]   Imported: org.apache.maven.wagon.observers < plexus.core
[DEBUG]   Imported: org.apache.maven.wagon.proxy < plexus.core
[DEBUG]   Imported: org.apache.maven.wagon.repository < plexus.core
[DEBUG]   Imported: org.apache.maven.wagon.resource < plexus.core
[DEBUG]   Imported: org.codehaus.classworlds < plexus.core
[DEBUG]   Imported: org.codehaus.plexus.* < plexus.core
[DEBUG]   Imported: org.codehaus.plexus.classworlds < plexus.core
[DEBUG]   Imported: org.codehaus.plexus.component < plexus.core
[DEBUG]   Imported: org.codehaus.plexus.configuration < plexus.core
[DEBUG]   Imported: org.codehaus.plexus.container < plexus.core
[DEBUG]   Imported: org.codehaus.plexus.context < plexus.core
[DEBUG]   Imported: org.codehaus.plexus.lifecycle < plexus.core
[DEBUG]   Imported: org.codehaus.plexus.logging < plexus.core
[DEBUG]   Imported: org.codehaus.plexus.personality < plexus.core
[DEBUG]   Imported: org.codehaus.plexus.util.xml.Xpp3Dom < plexus.core
[DEBUG]   Imported: org.codehaus.plexus.util.xml.pull.XmlPullParser < plexus.core
[DEBUG]   Imported: org.codehaus.plexus.util.xml.pull.XmlPullParserException < plexus.core
[DEBUG]   Imported: org.codehaus.plexus.util.xml.pull.XmlSerializer < plexus.core
[DEBUG]   Imported: org.eclipse.aether.* < plexus.core
[DEBUG]   Imported: org.eclipse.aether.artifact < plexus.core
[DEBUG]   Imported: org.eclipse.aether.collection < plexus.core
[DEBUG]   Imported: org.eclipse.aether.deployment < plexus.core
[DEBUG]   Imported: org.eclipse.aether.graph < plexus.core
[DEBUG]   Imported: org.eclipse.aether.impl < plexus.core
[DEBUG]   Imported: org.eclipse.aether.installation < plexus.core
[DEBUG]   Imported: org.eclipse.aether.internal.impl < plexus.core
[DEBUG]   Imported: org.eclipse.aether.metadata < plexus.core
[DEBUG]   Imported: org.eclipse.aether.repository < plexus.core
[DEBUG]   Imported: org.eclipse.aether.resolution < plexus.core
[DEBUG]   Imported: org.eclipse.aether.spi < plexus.core
[DEBUG]   Imported: org.eclipse.aether.transfer < plexus.core
[DEBUG]   Imported: org.eclipse.aether.util < plexus.core
[DEBUG]   Imported: org.eclipse.aether.version < plexus.core
[DEBUG]   Imported: org.fusesource.jansi.* < plexus.core
[DEBUG]   Imported: org.slf4j.* < plexus.core
[DEBUG]   Imported: org.slf4j.event.* < plexus.core
[DEBUG]   Imported: org.slf4j.helpers.* < plexus.core
[DEBUG]   Imported: org.slf4j.spi.* < plexus.core
[DEBUG] Populating class realm maven.api
[DEBUG] Created adapter factory; available factories [file-lock, rwlock-local, semaphore-local, noop]; available name mappers [discriminating, file-gav, file-hgav, file-static, gav, static]
[INFO] Error stacktraces are turned on.
[DEBUG] Message scheme: color
[DEBUG] Message styles: debug info warning error success failure strong mojo project
[DEBUG] Reading global settings from /home/bdouirat/apache-maven-3.9.4/conf/settings.xml
[DEBUG] Reading user settings from /home/bdouirat/.m2/settings.xml
[DEBUG] Reading global toolchains from /home/bdouirat/apache-maven-3.9.4/conf/toolchains.xml
[DEBUG] Reading user toolchains from /home/bdouirat/.m2/toolchains.xml
[DEBUG] Using local repository at /home/bdouirat/.m2/repository
[DEBUG] Using manager EnhancedLocalRepositoryManager with priority 10.0 for /home/bdouirat/.m2/repository
[INFO] Scanning for projects...
[DEBUG] Creating adapter using nameMapper 'gav' and factory 'rwlock-local'
[DEBUG] Extension realms for project com.blog:backend:jar:0.0.1-SNAPSHOT: (none)
[DEBUG] Looking up lifecycle mappings for packaging jar from ClassRealm[plexus.core, parent: null]
[DEBUG] Extension realms for project org.springframework.boot:spring-boot-starter-parent:pom:3.3.3: (none)
[DEBUG] Looking up lifecycle mappings for packaging pom from ClassRealm[plexus.core, parent: null]
[DEBUG] Extension realms for project org.springframework.boot:spring-boot-dependencies:pom:3.3.3: (none)
[DEBUG] Looking up lifecycle mappings for packaging pom from ClassRealm[plexus.core, parent: null]
[DEBUG] Resolving plugin prefix spring-boot from [org.apache.maven.plugins, org.codehaus.mojo]
[DEBUG] Resolved plugin prefix spring-boot to org.springframework.boot:spring-boot-maven-plugin from POM com.blog:backend:jar:0.0.1-SNAPSHOT
[DEBUG] === REACTOR BUILD PLAN ================================================
[DEBUG] Project: com.blog:backend:jar:0.0.1-SNAPSHOT
[DEBUG] Tasks:   [spring-boot:run]
[DEBUG] Style:   Regular
[DEBUG] =======================================================================
[INFO] 
[INFO] --------------------------< com.blog:backend >--------------------------
[INFO] Building 01blog 0.0.1-SNAPSHOT
[INFO]   from pom.xml
[INFO] --------------------------------[ jar ]---------------------------------
[DEBUG] Resolving plugin prefix spring-boot from [org.apache.maven.plugins, org.codehaus.mojo]
[DEBUG] Resolved plugin prefix spring-boot to org.springframework.boot:spring-boot-maven-plugin from POM com.blog:backend:jar:0.0.1-SNAPSHOT
[DEBUG] Lifecycle clean -> [pre-clean, clean, post-clean]
[DEBUG] Lifecycle default -> [validate, initialize, generate-sources, process-sources, generate-resources, process-resources, compile, process-classes, generate-test-sources, process-test-sources, generate-test-resources, process-test-resources, test-compile, process-test-classes, test, prepare-package, package, pre-integration-test, integration-test, post-integration-test, verify, install, deploy]
[DEBUG] Lifecycle site -> [pre-site, site, post-site, site-deploy]
[DEBUG] Lifecycle clean -> [pre-clean, clean, post-clean]
[DEBUG] Lifecycle default -> [validate, initialize, generate-sources, process-sources, generate-resources, process-resources, compile, process-classes, generate-test-sources, process-test-sources, generate-test-resources, process-test-resources, test-compile, process-test-classes, test, prepare-package, package, pre-integration-test, integration-test, post-integration-test, verify, install, deploy]
[DEBUG] Lifecycle site -> [pre-site, site, post-site, site-deploy]
[DEBUG] === PROJECT BUILD PLAN ================================================
[DEBUG] Project:       com.blog:backend:0.0.1-SNAPSHOT
[DEBUG] Dependencies (collect): []
[DEBUG] Dependencies (resolve): [test]
[DEBUG] Repositories (dependencies): [central (https://repo.maven.apache.org/maven2, default, releases)]
[DEBUG] Repositories (plugins)     : [central (https://repo.maven.apache.org/maven2, default, releases)]
[DEBUG] --- init fork of com.blog:backend:0.0.1-SNAPSHOT for org.springframework.boot:spring-boot-maven-plugin:3.3.3:run (default-cli) ---
[DEBUG] Dependencies (collect): []
[DEBUG] Dependencies (resolve): [compile, test]
[DEBUG] -----------------------------------------------------------------------
[DEBUG] Goal:          org.apache.maven.plugins:maven-resources-plugin:3.3.1:resources (default-resources)
[DEBUG] Style:         Regular
[DEBUG] Configuration: <?xml version="1.0" encoding="UTF-8"?>
<configuration>
  <addDefaultExcludes default-value="true"/>
  <buildFilters default-value="${project.build.filters}"/>
  <delimiters>
    <delimiter>@</delimiter>
  </delimiters>
  <encoding default-value="${project.build.sourceEncoding}"/>
  <escapeWindowsPaths default-value="true"/>
  <fileNameFiltering default-value="false"/>
  <includeEmptyDirs default-value="false"/>
  <outputDirectory default-value="${project.build.outputDirectory}"/>
  <overwrite default-value="false"/>
  <project default-value="${project}"/>
  <propertiesEncoding>UTF-8</propertiesEncoding>
  <resources default-value="${project.resources}"/>
  <session default-value="${session}"/>
  <skip default-value="false">${maven.resources.skip}</skip>
  <supportMultiLineFiltering default-value="false"/>
  <useBuildFilters default-value="true"/>
  <useDefaultDelimiters default-value="true">false</useDefaultDelimiters>
</configuration>
[DEBUG] -----------------------------------------------------------------------
[DEBUG] Goal:          org.apache.maven.plugins:maven-compiler-plugin:3.11.0:compile (default-compile)
[DEBUG] Style:         Regular
[DEBUG] Configuration: <?xml version="1.0" encoding="UTF-8"?>
<configuration>
  <basedir default-value="${basedir}"/>
  <buildDirectory default-value="${project.build.directory}"/>
  <compilePath default-value="${project.compileClasspathElements}"/>
  <compileSourceRoots default-value="${project.compileSourceRoots}"/>
  <compilerId default-value="javac">${maven.compiler.compilerId}</compilerId>
  <compilerReuseStrategy default-value="${reuseCreated}">${maven.compiler.compilerReuseStrategy}</compilerReuseStrategy>
  <compilerVersion>${maven.compiler.compilerVersion}</compilerVersion>
  <createMissingPackageInfoClass default-value="true">${maven.compiler.createMissingPackageInfoClass}</createMissingPackageInfoClass>
  <debug default-value="true">${maven.compiler.debug}</debug>
  <debugFileName default-value="javac"/>
  <debuglevel>${maven.compiler.debuglevel}</debuglevel>
  <enablePreview default-value="false">${maven.compiler.enablePreview}</enablePreview>
  <encoding default-value="${project.build.sourceEncoding}">${encoding}</encoding>
  <executable>${maven.compiler.executable}</executable>
  <failOnError default-value="true">${maven.compiler.failOnError}</failOnError>
  <failOnWarning default-value="false">${maven.compiler.failOnWarning}</failOnWarning>
  <forceJavacCompilerUse default-value="false">${maven.compiler.forceJavacCompilerUse}</forceJavacCompilerUse>
  <fork default-value="false">${maven.compiler.fork}</fork>
  <generatedSourcesDirectory default-value="${project.build.directory}/generated-sources/annotations"/>
  <implicit>${maven.compiler.implicit}</implicit>
  <maxmem>${maven.compiler.maxmem}</maxmem>
  <meminitial>${maven.compiler.meminitial}</meminitial>
  <mojoExecution default-value="${mojoExecution}"/>
  <optimize default-value="false">${maven.compiler.optimize}</optimize>
  <outputDirectory default-value="${project.build.outputDirectory}"/>
  <parameters default-value="false">true</parameters>
  <project default-value="${project}"/>
  <projectArtifact default-value="${project.artifact}"/>
  <release>17</release>
  <session default-value="${session}"/>
  <showCompilationChanges default-value="false">${maven.compiler.showCompilationChanges}</showCompilationChanges>
  <showDeprecation default-value="false">${maven.compiler.showDeprecation}</showDeprecation>
  <showWarnings default-value="true">${maven.compiler.showWarnings}</showWarnings>
  <skipMain>${maven.main.skip}</skipMain>
  <skipMultiThreadWarning default-value="false">${maven.compiler.skipMultiThreadWarning}</skipMultiThreadWarning>
  <source default-value="1.8">${maven.compiler.source}</source>
  <staleMillis default-value="0">${lastModGranularityMs}</staleMillis>
  <target default-value="1.8">${maven.compiler.target}</target>
  <useIncrementalCompilation default-value="true">${maven.compiler.useIncrementalCompilation}</useIncrementalCompilation>
  <verbose default-value="false">${maven.compiler.verbose}</verbose>
</configuration>
[DEBUG] -----------------------------------------------------------------------
[DEBUG] Goal:          org.apache.maven.plugins:maven-resources-plugin:3.3.1:testResources (default-testResources)
[DEBUG] Style:         Regular
[DEBUG] Configuration: <?xml version="1.0" encoding="UTF-8"?>
<configuration>
  <addDefaultExcludes default-value="true"/>
  <buildFilters default-value="${project.build.filters}"/>
  <delimiters>
    <delimiter>@</delimiter>
  </delimiters>
  <encoding default-value="${project.build.sourceEncoding}"/>
  <escapeWindowsPaths default-value="true"/>
  <fileNameFiltering default-value="false"/>
  <includeEmptyDirs default-value="false"/>
  <outputDirectory default-value="${project.build.testOutputDirectory}"/>
  <overwrite default-value="false"/>
  <project default-value="${project}"/>
  <propertiesEncoding>UTF-8</propertiesEncoding>
  <resources default-value="${project.testResources}"/>
  <session default-value="${session}"/>
  <skip default-value="false">${maven.test.skip}</skip>
  <supportMultiLineFiltering default-value="false"/>
  <useBuildFilters default-value="true"/>
  <useDefaultDelimiters default-value="true">false</useDefaultDelimiters>
</configuration>
[DEBUG] -----------------------------------------------------------------------
[DEBUG] Goal:          org.apache.maven.plugins:maven-compiler-plugin:3.11.0:testCompile (default-testCompile)
[DEBUG] Style:         Regular
[DEBUG] Configuration: <?xml version="1.0" encoding="UTF-8"?>
<configuration>
  <basedir default-value="${basedir}"/>
  <buildDirectory default-value="${project.build.directory}"/>
  <compileSourceRoots default-value="${project.testCompileSourceRoots}"/>
  <compilerId default-value="javac">${maven.compiler.compilerId}</compilerId>
  <compilerReuseStrategy default-value="${reuseCreated}">${maven.compiler.compilerReuseStrategy}</compilerReuseStrategy>
  <compilerVersion>${maven.compiler.compilerVersion}</compilerVersion>
  <createMissingPackageInfoClass default-value="true">${maven.compiler.createMissingPackageInfoClass}</createMissingPackageInfoClass>
  <debug default-value="true">${maven.compiler.debug}</debug>
  <debugFileName default-value="javac-test"/>
  <debuglevel>${maven.compiler.debuglevel}</debuglevel>
  <enablePreview default-value="false">${maven.compiler.enablePreview}</enablePreview>
  <encoding default-value="${project.build.sourceEncoding}">${encoding}</encoding>
  <executable>${maven.compiler.executable}</executable>
  <failOnError default-value="true">${maven.compiler.failOnError}</failOnError>
  <failOnWarning default-value="false">${maven.compiler.failOnWarning}</failOnWarning>
  <forceJavacCompilerUse default-value="false">${maven.compiler.forceJavacCompilerUse}</forceJavacCompilerUse>
  <fork default-value="false">${maven.compiler.fork}</fork>
  <generatedTestSourcesDirectory default-value="${project.build.directory}/generated-test-sources/test-annotations"/>
  <implicit>${maven.compiler.implicit}</implicit>
  <maxmem>${maven.compiler.maxmem}</maxmem>
  <meminitial>${maven.compiler.meminitial}</meminitial>
  <mojoExecution default-value="${mojoExecution}"/>
  <optimize default-value="false">${maven.compiler.optimize}</optimize>
  <outputDirectory default-value="${project.build.testOutputDirectory}"/>
  <parameters default-value="false">true</parameters>
  <project default-value="${project}"/>
  <release>17</release>
  <session default-value="${session}"/>
  <showCompilationChanges default-value="false">${maven.compiler.showCompilationChanges}</showCompilationChanges>
  <showDeprecation default-value="false">${maven.compiler.showDeprecation}</showDeprecation>
  <showWarnings default-value="true">${maven.compiler.showWarnings}</showWarnings>
  <skip>${maven.test.skip}</skip>
  <skipMultiThreadWarning default-value="false">${maven.compiler.skipMultiThreadWarning}</skipMultiThreadWarning>
  <source default-value="1.8">${maven.compiler.source}</source>
  <staleMillis default-value="0">${lastModGranularityMs}</staleMillis>
  <target default-value="1.8">${maven.compiler.target}</target>
  <testPath default-value="${project.testClasspathElements}"/>
  <testRelease>${maven.compiler.testRelease}</testRelease>
  <testSource>${maven.compiler.testSource}</testSource>
  <testTarget>${maven.compiler.testTarget}</testTarget>
  <useIncrementalCompilation default-value="true">${maven.compiler.useIncrementalCompilation}</useIncrementalCompilation>
  <useModulePath default-value="true"/>
  <verbose default-value="false">${maven.compiler.verbose}</verbose>
</configuration>
[DEBUG] --- exit fork of com.blog:backend:0.0.1-SNAPSHOT for org.springframework.boot:spring-boot-maven-plugin:3.3.3:run (default-cli) ---
[DEBUG] -----------------------------------------------------------------------
[DEBUG] Goal:          org.springframework.boot:spring-boot-maven-plugin:3.3.3:run (default-cli)
[DEBUG] Style:         Regular
[DEBUG] Configuration: <?xml version="1.0" encoding="UTF-8"?>
<configuration>
  <addResources default-value="false">${spring-boot.run.addResources}</addResources>
  <additionalClasspathElements>${spring-boot.run.additional-classpath-elements}</additionalClasspathElements>
  <agents>${spring-boot.run.agents}</agents>
  <classesDirectory default-value="${project.build.outputDirectory}"/>
  <commandlineArguments>${spring-boot.run.arguments}</commandlineArguments>
  <directories>${spring-boot.run.directories}</directories>
  <excludeGroupIds default-value="">${spring-boot.excludeGroupIds}</excludeGroupIds>
  <excludes>${spring-boot.excludes}</excludes>
  <includes>${spring-boot.includes}</includes>
  <jvmArguments>${spring-boot.run.jvmArguments}</jvmArguments>
  <mainClass>${start-class}</mainClass>
  <noverify>${spring-boot.run.noverify}</noverify>
  <optimizedLaunch default-value="true">${spring-boot.run.optimizedLaunch}</optimizedLaunch>
  <profiles>${spring-boot.run.profiles}</profiles>
  <project default-value="${project}"/>
  <session default-value="${session}"/>
  <skip default-value="false">${spring-boot.run.skip}</skip>
  <useTestClasspath default-value="false">${spring-boot.run.useTestClasspath}</useTestClasspath>
  <workingDirectory>${spring-boot.run.workingDirectory}</workingDirectory>
</configuration>
[DEBUG] =======================================================================
[INFO] 
[INFO] >>> spring-boot:3.3.3:run (default-cli) > test-compile @ backend >>>
[DEBUG] Using mirror maven-default-http-blocker (http://0.0.0.0/) for vaadin-snapshots (http://oss.sonatype.org/content/repositories/vaadin-snapshots/).
[DEBUG] Using mirror maven-default-http-blocker (http://0.0.0.0/) for vaadin-releases (http://oss.sonatype.org/content/repositories/vaadin-releases/).
[DEBUG] Dependency collection stats {ConflictMarker.analyzeTime=574584, ConflictMarker.markTime=212577, ConflictMarker.nodeCount=208, ConflictIdSorter.graphTime=315724, ConflictIdSorter.topsortTime=167829, ConflictIdSorter.conflictIdCount=98, ConflictIdSorter.conflictIdCycleCount=0, ConflictResolver.totalTime=5131275, ConflictResolver.conflictItemCount=202, DfDependencyCollector.collectTime=143122562, DfDependencyCollector.transformTime=7244577}
[DEBUG] com.blog:backend:jar:0.0.1-SNAPSHOT
[DEBUG]    org.springframework.boot:spring-boot-starter-web:jar:3.3.3:compile
[DEBUG]       org.springframework.boot:spring-boot-starter:jar:3.3.3:compile (version managed from 3.3.3)
[DEBUG]          org.springframework.boot:spring-boot:jar:3.3.3:compile (version managed from 3.3.3)
[DEBUG]          org.springframework.boot:spring-boot-autoconfigure:jar:3.3.3:compile (version managed from 3.3.3)
[DEBUG]          org.springframework.boot:spring-boot-starter-logging:jar:3.3.3:compile (version managed from 3.3.3)
[DEBUG]             ch.qos.logback:logback-classic:jar:1.5.7:compile (version managed from 1.5.7)
[DEBUG]                ch.qos.logback:logback-core:jar:1.5.7:compile (version managed from 1.5.7)
[DEBUG]             org.apache.logging.log4j:log4j-to-slf4j:jar:2.23.1:compile (version managed from 2.23.1)
[DEBUG]                org.apache.logging.log4j:log4j-api:jar:2.23.1:compile (version managed from 2.23.1)
[DEBUG]             org.slf4j:jul-to-slf4j:jar:2.0.16:compile (version managed from 2.0.16)
[DEBUG]          jakarta.annotation:jakarta.annotation-api:jar:2.1.1:compile (version managed from 2.1.1)
[DEBUG]          org.yaml:snakeyaml:jar:2.2:compile (version managed from 2.2)
[DEBUG]       org.springframework.boot:spring-boot-starter-json:jar:3.3.3:compile (version managed from 3.3.3)
[DEBUG]          com.fasterxml.jackson.datatype:jackson-datatype-jdk8:jar:2.17.2:compile (version managed from 2.17.2)
[DEBUG]          com.fasterxml.jackson.datatype:jackson-datatype-jsr310:jar:2.17.2:compile (version managed from 2.17.2)
[DEBUG]          com.fasterxml.jackson.module:jackson-module-parameter-names:jar:2.17.2:compile (version managed from 2.17.2)
[DEBUG]       org.springframework.boot:spring-boot-starter-tomcat:jar:3.3.3:compile (version managed from 3.3.3)
[DEBUG]          org.apache.tomcat.embed:tomcat-embed-core:jar:10.1.28:compile (version managed from 10.1.28)
[DEBUG]          org.apache.tomcat.embed:tomcat-embed-el:jar:10.1.28:compile (version managed from 10.1.28)
[DEBUG]          org.apache.tomcat.embed:tomcat-embed-websocket:jar:10.1.28:compile (version managed from 10.1.28)
[DEBUG]       org.springframework:spring-web:jar:6.1.12:compile (version managed from 6.1.12)
[DEBUG]          org.springframework:spring-beans:jar:6.1.12:compile (version managed from 6.1.12)
[DEBUG]          io.micrometer:micrometer-observation:jar:1.13.3:compile (version managed from 1.12.9)
[DEBUG]             io.micrometer:micrometer-commons:jar:1.13.3:compile (version managed from 1.13.3)
[DEBUG]       org.springframework:spring-webmvc:jar:6.1.12:compile (version managed from 6.1.12)
[DEBUG]          org.springframework:spring-context:jar:6.1.12:compile (version managed from 6.1.12)
[DEBUG]          org.springframework:spring-expression:jar:6.1.12:compile (version managed from 6.1.12)
[DEBUG]    org.springframework.boot:spring-boot-starter-data-jpa:jar:3.3.3:compile
[DEBUG]       org.springframework.boot:spring-boot-starter-aop:jar:3.3.3:compile (version managed from 3.3.3)
[DEBUG]          org.aspectj:aspectjweaver:jar:1.9.22.1:compile (version managed from 1.9.22.1)
[DEBUG]       org.springframework.boot:spring-boot-starter-jdbc:jar:3.3.3:compile (version managed from 3.3.3)
[DEBUG]          com.zaxxer:HikariCP:jar:5.1.0:compile (version managed from 5.1.0)
[DEBUG]          org.springframework:spring-jdbc:jar:6.1.12:compile (version managed from 6.1.12)
[DEBUG]       org.hibernate.orm:hibernate-core:jar:6.5.2.Final:compile (version managed from 6.5.2.Final)
[DEBUG]          jakarta.persistence:jakarta.persistence-api:jar:3.1.0:compile (version managed from 3.1.0)
[DEBUG]          jakarta.transaction:jakarta.transaction-api:jar:2.0.1:compile (version managed from 2.0.1)
[DEBUG]          org.jboss.logging:jboss-logging:jar:3.5.3.Final:runtime (version managed from 3.5.0.Final)
[DEBUG]          org.hibernate.common:hibernate-commons-annotations:jar:6.0.6.Final:runtime
[DEBUG]          io.smallrye:jandex:jar:3.1.2:runtime
[DEBUG]          com.fasterxml:classmate:jar:1.7.0:runtime (version managed from 1.5.1)
[DEBUG]          net.bytebuddy:byte-buddy:jar:1.14.19:runtime (version managed from 1.14.15)
[DEBUG]          org.glassfish.jaxb:jaxb-runtime:jar:4.0.5:runtime (version managed from 4.0.2)
[DEBUG]             org.glassfish.jaxb:jaxb-core:jar:4.0.5:runtime (version managed from 4.0.5)
[DEBUG]                org.eclipse.angus:angus-activation:jar:2.0.2:runtime (version managed from 2.0.2)
[DEBUG]                org.glassfish.jaxb:txw2:jar:4.0.5:runtime (version managed from 4.0.5)
[DEBUG]                com.sun.istack:istack-commons-runtime:jar:4.1.2:runtime (version managed from 4.1.2)
[DEBUG]          jakarta.inject:jakarta.inject-api:jar:2.0.1:runtime (version managed from 2.0.1)
[DEBUG]          org.antlr:antlr4-runtime:jar:4.13.0:compile
[DEBUG]       org.springframework.data:spring-data-jpa:jar:3.3.3:compile (version managed from 3.3.3)
[DEBUG]          org.springframework.data:spring-data-commons:jar:3.3.3:compile (version managed from 3.3.3)
[DEBUG]          org.springframework:spring-orm:jar:6.1.12:compile (version managed from 6.1.12)
[DEBUG]          org.springframework:spring-tx:jar:6.1.12:compile (version managed from 6.1.12)
[DEBUG]       org.springframework:spring-aspects:jar:6.1.12:compile (version managed from 6.1.12)
[DEBUG]    org.springframework.boot:spring-boot-starter-security:jar:3.3.3:compile
[DEBUG]       org.springframework:spring-aop:jar:6.1.12:compile (version managed from 6.1.12)
[DEBUG]       org.springframework.security:spring-security-config:jar:6.3.3:compile (version managed from 6.3.3)
[DEBUG]          org.springframework.security:spring-security-core:jar:6.3.3:compile (version managed from 6.3.3)
[DEBUG]             org.springframework.security:spring-security-crypto:jar:6.3.3:compile (version managed from 6.3.3)
[DEBUG]       org.springframework.security:spring-security-web:jar:6.3.3:compile (version managed from 6.3.3)
[DEBUG]    io.jsonwebtoken:jjwt-api:jar:0.11.5:compile
[DEBUG]    io.jsonwebtoken:jjwt-impl:jar:0.11.5:runtime
[DEBUG]    io.jsonwebtoken:jjwt-jackson:jar:0.11.5:runtime
[DEBUG]       com.fasterxml.jackson.core:jackson-databind:jar:2.17.2:compile (version managed from 2.12.6.1)
[DEBUG]          com.fasterxml.jackson.core:jackson-annotations:jar:2.17.2:compile (version managed from 2.17.2)
[DEBUG]          com.fasterxml.jackson.core:jackson-core:jar:2.17.2:compile (version managed from 2.17.2)
[DEBUG]    org.xerial:sqlite-jdbc:jar:3.46.0.0:compile
[DEBUG]       org.slf4j:slf4j-api:jar:2.0.16:compile (version managed from 1.7.36)
[DEBUG]    org.projectlombok:lombok:jar:1.18.34:compile (optional)
[DEBUG]    org.springframework.boot:spring-boot-starter-test:jar:3.3.3:test
[DEBUG]       org.springframework.boot:spring-boot-test:jar:3.3.3:test (version managed from 3.3.3)
[DEBUG]       org.springframework.boot:spring-boot-test-autoconfigure:jar:3.3.3:test (version managed from 3.3.3)
[DEBUG]       com.jayway.jsonpath:json-path:jar:2.9.0:test (version managed from 2.9.0)
[DEBUG]       jakarta.xml.bind:jakarta.xml.bind-api:jar:4.0.2:runtime (version managed from 4.0.2)
[DEBUG]          jakarta.activation:jakarta.activation-api:jar:2.1.3:runtime (version managed from 2.1.3)
[DEBUG]       net.minidev:json-smart:jar:2.5.1:test (version managed from 2.5.1)
[DEBUG]          net.minidev:accessors-smart:jar:2.5.1:test
[DEBUG]             org.ow2.asm:asm:jar:9.6:test
[DEBUG]       org.assertj:assertj-core:jar:3.25.3:test (version managed from 3.25.3)
[DEBUG]       org.awaitility:awaitility:jar:4.2.2:test (version managed from 4.2.2)
[DEBUG]       org.hamcrest:hamcrest:jar:2.2:test (version managed from 2.2)
[DEBUG]       org.junit.jupiter:junit-jupiter:jar:5.10.3:test (version managed from 5.10.3)
[DEBUG]          org.junit.jupiter:junit-jupiter-api:jar:5.10.3:test (version managed from 5.10.3)
[DEBUG]             org.opentest4j:opentest4j:jar:1.3.0:test
[DEBUG]             org.junit.platform:junit-platform-commons:jar:1.10.3:test (version managed from 1.10.3)
[DEBUG]             org.apiguardian:apiguardian-api:jar:1.1.2:test
[DEBUG]          org.junit.jupiter:junit-jupiter-params:jar:5.10.3:test (version managed from 5.10.3)
[DEBUG]          org.junit.jupiter:junit-jupiter-engine:jar:5.10.3:test (version managed from 5.10.3)
[DEBUG]             org.junit.platform:junit-platform-engine:jar:1.10.3:test (version managed from 1.10.3)
[DEBUG]       org.mockito:mockito-core:jar:5.11.0:test (version managed from 5.11.0)
[DEBUG]          net.bytebuddy:byte-buddy-agent:jar:1.14.19:test (version managed from 1.14.12)
[DEBUG]          org.objenesis:objenesis:jar:3.3:test
[DEBUG]       org.mockito:mockito-junit-jupiter:jar:5.11.0:test (version managed from 5.11.0)
[DEBUG]       org.skyscreamer:jsonassert:jar:1.5.3:test (version managed from 1.5.3)
[DEBUG]          com.vaadin.external.google:android-json:jar:0.0.20131108.vaadin1:test
[DEBUG]       org.springframework:spring-core:jar:6.1.12:compile (version managed from 6.1.12)
[DEBUG]          org.springframework:spring-jcl:jar:6.1.12:compile (version managed from 6.1.12)
[DEBUG]       org.springframework:spring-test:jar:6.1.12:test (version managed from 6.1.12)
[DEBUG]       org.xmlunit:xmlunit-core:jar:2.9.1:test (version managed from 2.9.1)
[INFO] 
[INFO] --- resources:3.3.1:resources (default-resources) @ backend ---
[DEBUG] Dependency collection stats {ConflictMarker.analyzeTime=90136, ConflictMarker.markTime=28686, ConflictMarker.nodeCount=13, ConflictIdSorter.graphTime=11332, ConflictIdSorter.topsortTime=8856, ConflictIdSorter.conflictIdCount=9, ConflictIdSorter.conflictIdCycleCount=0, ConflictResolver.totalTime=144050, ConflictResolver.conflictItemCount=13, DfDependencyCollector.collectTime=20055938, DfDependencyCollector.transformTime=298281}
[DEBUG] org.apache.maven.plugins:maven-resources-plugin:jar:3.3.1
[DEBUG]    org.codehaus.plexus:plexus-interpolation:jar:1.26:runtime
[DEBUG]    org.codehaus.plexus:plexus-utils:jar:3.5.1:compile
[DEBUG]    org.apache.maven.shared:maven-filtering:jar:3.3.1:compile
[DEBUG]       javax.inject:javax.inject:jar:1:compile
[DEBUG]       org.slf4j:slf4j-api:jar:1.7.36:compile
[DEBUG]       org.sonatype.plexus:plexus-build-api:jar:0.0.7:compile
[DEBUG]    commons-io:commons-io:jar:2.11.0:compile
[DEBUG]    org.apache.commons:commons-lang3:jar:3.12.0:compile
[DEBUG] Created new class realm plugin>org.apache.maven.plugins:maven-resources-plugin:3.3.1
[DEBUG] Importing foreign packages into class realm plugin>org.apache.maven.plugins:maven-resources-plugin:3.3.1
[DEBUG]   Imported:  < maven.api
[DEBUG] Populating class realm plugin>org.apache.maven.plugins:maven-resources-plugin:3.3.1
[DEBUG]   Included: org.apache.maven.plugins:maven-resources-plugin:jar:3.3.1
[DEBUG]   Included: org.codehaus.plexus:plexus-interpolation:jar:1.26
[DEBUG]   Included: org.codehaus.plexus:plexus-utils:jar:3.5.1
[DEBUG]   Included: org.apache.maven.shared:maven-filtering:jar:3.3.1
[DEBUG]   Included: org.sonatype.plexus:plexus-build-api:jar:0.0.7
[DEBUG]   Included: commons-io:commons-io:jar:2.11.0
[DEBUG]   Included: org.apache.commons:commons-lang3:jar:3.12.0
[DEBUG] Loading mojo org.apache.maven.plugins:maven-resources-plugin:3.3.1:resources from plugin realm ClassRealm[plugin>org.apache.maven.plugins:maven-resources-plugin:3.3.1, parent: jdk.internal.loader.ClassLoaders$AppClassLoader@30946e09]
[DEBUG] Configuring mojo execution 'org.apache.maven.plugins:maven-resources-plugin:3.3.1:resources:default-resources' with basic configurator -->
[DEBUG]   (f) addDefaultExcludes = true
[DEBUG]   (f) buildFilters = []
[DEBUG]   (s) delimiters = [@]
[DEBUG]   (f) encoding = UTF-8
[DEBUG]   (f) escapeWindowsPaths = true
[DEBUG]   (f) fileNameFiltering = false
[DEBUG]   (s) includeEmptyDirs = false
[DEBUG]   (s) outputDirectory = /home/bdouirat/Desktop/01Blog/target/classes
[DEBUG]   (s) overwrite = false
[DEBUG]   (f) project = MavenProject: com.blog:backend:0.0.1-SNAPSHOT @ /home/bdouirat/Desktop/01Blog/pom.xml
[DEBUG]   (f) propertiesEncoding = UTF-8
[DEBUG]   (s) resources = [Resource {targetPath: null, filtering: true, FileSet {directory: /home/bdouirat/Desktop/01Blog/src/main/resources, PatternSet [includes: {**/application*.yml, **/application*.yaml, **/application*.properties}, excludes: {}]}}, Resource {targetPath: null, filtering: false, FileSet {directory: /home/bdouirat/Desktop/01Blog/src/main/resources, PatternSet [includes: {}, excludes: {**/application*.yml, **/application*.yaml, **/application*.properties}]}}]
[DEBUG]   (f) session = org.apache.maven.execution.MavenSession@5555ffcf
[DEBUG]   (f) skip = false
[DEBUG]   (f) supportMultiLineFiltering = false
[DEBUG]   (f) useBuildFilters = true
[DEBUG]   (s) useDefaultDelimiters = false
[DEBUG] -- end configuration --
[DEBUG] properties used:
[DEBUG] activemq.version: 6.1.3
[DEBUG] angus-mail.version: 2.0.3
[DEBUG] artemis.version: 2.33.0
[DEBUG] aspectj.version: 1.9.22.1
[DEBUG] assertj.version: 3.25.3
[DEBUG] awaitility.version: 4.2.2
[DEBUG] brave.version: 6.0.3
[DEBUG] build-helper-maven-plugin.version: 3.5.0
[DEBUG] byte-buddy.version: 1.14.19
[DEBUG] cache2k.version: 2.6.1.Final
[DEBUG] caffeine.version: 3.1.8
[DEBUG] cassandra-driver.version: 4.18.1
[DEBUG] classmate.version: 1.7.0
[DEBUG] classworlds.conf: /home/bdouirat/apache-maven-3.9.4/bin/m2.conf
[DEBUG] commons-codec.version: 1.16.1
[DEBUG] commons-dbcp2.version: 2.12.0
[DEBUG] commons-lang3.version: 3.14.0
[DEBUG] commons-pool.version: 1.6
[DEBUG] commons-pool2.version: 2.12.0
[DEBUG] couchbase-client.version: 3.6.3
[DEBUG] crac.version: 1.4.0
[DEBUG] cyclonedx-maven-plugin.version: 2.8.1
[DEBUG] db2-jdbc.version: 11.5.9.0
[DEBUG] dependency-management-plugin.version: 1.1.6
[DEBUG] derby.version: 10.16.1.1
[DEBUG] ehcache3.version: 3.10.8
[DEBUG] elasticsearch-client.version: 8.13.4
[DEBUG] env.CHROME_DESKTOP: code.desktop
[DEBUG] env.COLORTERM: truecolor
[DEBUG] env.DBUS_SESSION_BUS_ADDRESS: unix:path=/run/user/1055/bus
[DEBUG] env.DESKTOP_SESSION: ubuntu
[DEBUG] env.DISPLAY: :1
[DEBUG] env.GDK_BACKEND: x11
[DEBUG] env.GDMSESSION: ubuntu
[DEBUG] env.GIO_LAUNCHED_DESKTOP_FILE: /usr/share/applications/code.desktop
[DEBUG] env.GIO_LAUNCHED_DESKTOP_FILE_PID: 416409
[DEBUG] env.GIT_ASKPASS: /usr/share/code/resources/app/extensions/git/dist/askpass.sh
[DEBUG] env.GJS_DEBUG_OUTPUT: stderr
[DEBUG] env.GJS_DEBUG_TOPICS: JS ERROR;JS LOG
[DEBUG] env.GNOME_DESKTOP_SESSION_ID: this-is-deprecated
[DEBUG] env.GNOME_SHELL_SESSION_MODE: ubuntu
[DEBUG] env.GPG_AGENT_INFO: /run/user/1055/gnupg/S.gpg-agent:0:1
[DEBUG] env.GTK_IM_MODULE: ibus
[DEBUG] env.GTK_MODULES: gail:atk-bridge
[DEBUG] env.HOME: /home/bdouirat
[DEBUG] env.INVOCATION_ID: 4dc08cda79f941849ee564bf48facb4c
[DEBUG] env.JOURNAL_STREAM: 8:1242029
[DEBUG] env.LANG: en_US.UTF-8
[DEBUG] env.LESS: -R
[DEBUG] env.LOGNAME: bdouirat
[DEBUG] env.LSCOLORS: Gxfxcxdxbxegedabagacad
[DEBUG] env.LS_COLORS: rs=0:di=01;34:ln=01;36:mh=00:pi=40;33:so=01;35:do=01;35:bd=40;33;01:cd=40;33;01:or=40;31;01:mi=00:su=37;41:sg=30;43:ca=30;41:tw=30;42:ow=34;42:st=37;44:ex=01;32:*.tar=01;31:*.tgz=01;31:*.arc=01;31:*.arj=01;31:*.taz=01;31:*.lha=01;31:*.lz4=01;31:*.lzh=01;31:*.lzma=01;31:*.tlz=01;31:*.txz=01;31:*.tzo=01;31:*.t7z=01;31:*.zip=01;31:*.z=01;31:*.dz=01;31:*.gz=01;31:*.lrz=01;31:*.lz=01;31:*.lzo=01;31:*.xz=01;31:*.zst=01;31:*.tzst=01;31:*.bz2=01;31:*.bz=01;31:*.tbz=01;31:*.tbz2=01;31:*.tz=01;31:*.deb=01;31:*.rpm=01;31:*.jar=01;31:*.war=01;31:*.ear=01;31:*.sar=01;31:*.rar=01;31:*.alz=01;31:*.ace=01;31:*.zoo=01;31:*.cpio=01;31:*.7z=01;31:*.rz=01;31:*.cab=01;31:*.wim=01;31:*.swm=01;31:*.dwm=01;31:*.esd=01;31:*.jpg=01;35:*.jpeg=01;35:*.mjpg=01;35:*.mjpeg=01;35:*.gif=01;35:*.bmp=01;35:*.pbm=01;35:*.pgm=01;35:*.ppm=01;35:*.tga=01;35:*.xbm=01;35:*.xpm=01;35:*.tif=01;35:*.tiff=01;35:*.png=01;35:*.svg=01;35:*.svgz=01;35:*.mng=01;35:*.pcx=01;35:*.mov=01;35:*.mpg=01;35:*.mpeg=01;35:*.m2v=01;35:*.mkv=01;35:*.webm=01;35:*.webp=01;35:*.ogm=01;35:*.mp4=01;35:*.m4v=01;35:*.mp4v=01;35:*.vob=01;35:*.qt=01;35:*.nuv=01;35:*.wmv=01;35:*.asf=01;35:*.rm=01;35:*.rmvb=01;35:*.flc=01;35:*.avi=01;35:*.fli=01;35:*.flv=01;35:*.gl=01;35:*.dl=01;35:*.xcf=01;35:*.xwd=01;35:*.yuv=01;35:*.cgm=01;35:*.emf=01;35:*.ogv=01;35:*.ogx=01;35:*.aac=00;36:*.au=00;36:*.flac=00;36:*.m4a=00;36:*.mid=00;36:*.midi=00;36:*.mka=00;36:*.mp3=00;36:*.mpc=00;36:*.ogg=00;36:*.ra=00;36:*.wav=00;36:*.oga=00;36:*.opus=00;36:*.spx=00;36:*.xspf=00;36:
[DEBUG] env.M2_HOME: /home/bdouirat/apache-maven-3.9.4
[DEBUG] env.MANAGERPID: 415132
[DEBUG] env.MAVEN_CMD_LINE_ARGS:  spring-boot:run -X
[DEBUG] env.MAVEN_PROJECTBASEDIR: /home/bdouirat/Desktop/01Blog
[DEBUG] env.OLDPWD: /home/bdouirat/Desktop/01Blog
[DEBUG] env.ORIGINAL_XDG_CURRENT_DESKTOP: ubuntu:GNOME
[DEBUG] env.PAGER: less
[DEBUG] env.PATH: /home/bdouirat/apache-maven-3.9.4/bin:/usr/local/sbin:/usr/local/bin:/usr/sbin:/usr/bin:/sbin:/bin:/usr/games:/usr/local/games:/snap/bin:/usr/local/go/bin:/snap/bin:/usr/local/go/bin:/home/bdouirat/.config/Code/User/globalStorage/github.copilot-chat/debugCommand
[DEBUG] env.PWD: /home/bdouirat/Desktop/01Blog
[DEBUG] env.QT_ACCESSIBILITY: 1
[DEBUG] env.QT_IM_MODULE: ibus
[DEBUG] env.SESSION_MANAGER: local/z1r10s2:@/tmp/.ICE-unix/415858,unix/z1r10s2:/tmp/.ICE-unix/415858
[DEBUG] env.SHELL: /bin/zsh
[DEBUG] env.SHLVL: 1
[DEBUG] env.SSH_AGENT_LAUNCHER: gnome-keyring
[DEBUG] env.SSH_AUTH_SOCK: /run/user/1055/keyring/ssh
[DEBUG] env.SYSTEMD_EXEC_PID: 415899
[DEBUG] env.TERM: xterm-256color
[DEBUG] env.TERM_PROGRAM: vscode
[DEBUG] env.TERM_PROGRAM_VERSION: 1.104.0
[DEBUG] env.USER: bdouirat
[DEBUG] env.USERNAME: bdouirat
[DEBUG] env.USER_ZDOTDIR: /home/bdouirat
[DEBUG] env.VSCODE_GIT_ASKPASS_EXTRA_ARGS: 
[DEBUG] env.VSCODE_GIT_ASKPASS_MAIN: /usr/share/code/resources/app/extensions/git/dist/askpass-main.js
[DEBUG] env.VSCODE_GIT_ASKPASS_NODE: /usr/share/code/code
[DEBUG] env.VSCODE_GIT_IPC_HANDLE: /run/user/1055/vscode-git-4c4d3cee3e.sock
[DEBUG] env.VSCODE_INJECTION: 1
[DEBUG] env.VSCODE_PYTHON_AUTOACTIVATE_GUARD: 1
[DEBUG] env.WINDOWPATH: 2
[DEBUG] env.XAUTHORITY: /run/user/1055/gdm/Xauthority
[DEBUG] env.XDG_CONFIG_DIRS: /etc/xdg/xdg-ubuntu:/etc/xdg
[DEBUG] env.XDG_CURRENT_DESKTOP: Unity
[DEBUG] env.XDG_DATA_DIRS: /usr/share/ubuntu:/usr/share/gnome:/usr/local/share/:/usr/share/:/var/lib/snapd/desktop
[DEBUG] env.XDG_MENU_PREFIX: gnome-
[DEBUG] env.XDG_RUNTIME_DIR: /run/user/1055
[DEBUG] env.XDG_SESSION_CLASS: user
[DEBUG] env.XDG_SESSION_DESKTOP: ubuntu
[DEBUG] env.XDG_SESSION_TYPE: x11
[DEBUG] env.XMODIFIERS: @im=ibus
[DEBUG] env.ZDOTDIR: /home/bdouirat
[DEBUG] env.ZSH: /home/bdouirat/.oh-my-zsh
[DEBUG] env._: /home/bdouirat/apache-maven-3.9.4/bin/mvn
[DEBUG] file.encoding: UTF-8
[DEBUG] file.separator: /
[DEBUG] flyway.version: 10.10.0
[DEBUG] freemarker.version: 2.3.33
[DEBUG] git-commit-id-maven-plugin.version: 8.0.2
[DEBUG] glassfish-jaxb.version: 4.0.5
[DEBUG] glassfish-jstl.version: 3.0.1
[DEBUG] graphql-java.version: 22.1
[DEBUG] groovy.version: 4.0.22
[DEBUG] gson.version: 2.10.1
[DEBUG] h2.version: 2.2.224
[DEBUG] hamcrest.version: 2.2
[DEBUG] hazelcast.version: 5.4.0
[DEBUG] hibernate-validator.version: 8.0.1.Final
[DEBUG] hibernate.version: 6.5.2.Final
[DEBUG] hikaricp.version: 5.1.0
[DEBUG] hsqldb.version: 2.7.3
[DEBUG] htmlunit.version: 2.70.0
[DEBUG] httpasyncclient.version: 4.1.5
[DEBUG] httpclient5.version: 5.3.1
[DEBUG] httpcore.version: 4.4.16
[DEBUG] httpcore5.version: 5.2.5
[DEBUG] infinispan.version: 15.0.7.Final
[DEBUG] influxdb-java.version: 2.24
[DEBUG] jackson-bom.version: 2.17.2
[DEBUG] jakarta-activation.version: 2.1.3
[DEBUG] jakarta-annotation.version: 2.1.1
[DEBUG] jakarta-inject.version: 2.0.1
[DEBUG] jakarta-jms.version: 3.1.0
[DEBUG] jakarta-json-bind.version: 3.0.1
[DEBUG] jakarta-json.version: 2.1.3
[DEBUG] jakarta-mail.version: 2.1.3
[DEBUG] jakarta-management.version: 1.1.4
[DEBUG] jakarta-persistence.version: 3.1.0
[DEBUG] jakarta-servlet-jsp-jstl.version: 3.0.1
[DEBUG] jakarta-servlet.version: 6.0.0
[DEBUG] jakarta-transaction.version: 2.0.1
[DEBUG] jakarta-validation.version: 3.0.2
[DEBUG] jakarta-websocket.version: 2.1.1
[DEBUG] jakarta-ws-rs.version: 3.1.0
[DEBUG] jakarta-xml-bind.version: 4.0.2
[DEBUG] jakarta-xml-soap.version: 3.0.2
[DEBUG] jakarta-xml-ws.version: 4.0.2
[DEBUG] janino.version: 3.1.12
[DEBUG] java.class.path: /home/bdouirat/apache-maven-3.9.4/boot/plexus-classworlds-2.7.0.jar
[DEBUG] java.class.version: 61.0
[DEBUG] java.home: /usr/lib/jvm/java-17-openjdk-amd64
[DEBUG] java.io.tmpdir: /tmp
[DEBUG] java.library.path: /usr/java/packages/lib:/usr/lib/x86_64-linux-gnu/jni:/lib/x86_64-linux-gnu:/usr/lib/x86_64-linux-gnu:/usr/lib/jni:/lib:/usr/lib
[DEBUG] java.runtime.name: OpenJDK Runtime Environment
[DEBUG] java.runtime.version: 17.0.16+8-Ubuntu-0ubuntu122.04.1
[DEBUG] java.specification.maintenance.version: 1
[DEBUG] java.specification.name: Java Platform API Specification
[DEBUG] java.specification.vendor: Oracle Corporation
[DEBUG] java.specification.version: 17
[DEBUG] java.vendor: Ubuntu
[DEBUG] java.vendor.url: https://ubuntu.com/
[DEBUG] java.vendor.url.bug: https://bugs.launchpad.net/ubuntu/+source/openjdk-17
[DEBUG] java.version: 17.0.16
[DEBUG] java.version.date: 2025-07-15
[DEBUG] java.vm.compressedOopsMode: Zero based
[DEBUG] java.vm.info: mixed mode, sharing
[DEBUG] java.vm.name: OpenJDK 64-Bit Server VM
[DEBUG] java.vm.specification.name: Java Virtual Machine Specification
[DEBUG] java.vm.specification.vendor: Oracle Corporation
[DEBUG] java.vm.specification.version: 17
[DEBUG] java.vm.vendor: Ubuntu
[DEBUG] java.vm.version: 17.0.16+8-Ubuntu-0ubuntu122.04.1
[DEBUG] javax-cache.version: 1.1.1
[DEBUG] javax-money.version: 1.1
[DEBUG] jaxen.version: 2.0.0
[DEBUG] jaybird.version: 5.0.5.java11
[DEBUG] jboss-logging.version: 3.5.3.Final
[DEBUG] jdk.debug: release
[DEBUG] jdom2.version: 2.0.6.1
[DEBUG] jedis.version: 5.0.2
[DEBUG] jersey.version: 3.1.8
[DEBUG] jetty-reactive-httpclient.version: 4.0.6
[DEBUG] jetty.version: 12.0.12
[DEBUG] jmustache.version: 1.16
[DEBUG] jooq.version: 3.19.11
[DEBUG] json-path.version: 2.9.0
[DEBUG] json-smart.version: 2.5.1
[DEBUG] jsonassert.version: 1.5.3
[DEBUG] jtds.version: 1.3.1
[DEBUG] junit-jupiter.version: 5.10.3
[DEBUG] junit.version: 4.13.2
[DEBUG] kafka.version: 3.7.1
[DEBUG] kotlin-coroutines.version: 1.8.1
[DEBUG] kotlin-serialization.version: 1.6.3
[DEBUG] kotlin.version: 1.9.25
[DEBUG] lettuce.version: 6.3.2.RELEASE
[DEBUG] library.jansi.path: /home/bdouirat/apache-maven-3.9.4/lib/jansi-native
[DEBUG] line.separator: 

[DEBUG] liquibase.version: 4.27.0
[DEBUG] log4j2.version: 2.23.1
[DEBUG] logback.version: 1.5.7
[DEBUG] lombok.version: 1.18.34
[DEBUG] mariadb.version: 3.3.3
[DEBUG] maven-antrun-plugin.version: 3.1.0
[DEBUG] maven-assembly-plugin.version: 3.7.1
[DEBUG] maven-clean-plugin.version: 3.3.2
[DEBUG] maven-compiler-plugin.version: 3.13.0
[DEBUG] maven-dependency-plugin.version: 3.6.1
[DEBUG] maven-deploy-plugin.version: 3.1.3
[DEBUG] maven-enforcer-plugin.version: 3.4.1
[DEBUG] maven-failsafe-plugin.version: 3.2.5
[DEBUG] maven-help-plugin.version: 3.4.1
[DEBUG] maven-install-plugin.version: 3.1.3
[DEBUG] maven-invoker-plugin.version: 3.6.1
[DEBUG] maven-jar-plugin.version: 3.4.2
[DEBUG] maven-javadoc-plugin.version: 3.6.3
[DEBUG] maven-resources-plugin.version: 3.3.1
[DEBUG] maven-shade-plugin.version: 3.5.3
[DEBUG] maven-source-plugin.version: 3.3.1
[DEBUG] maven-surefire-plugin.version: 3.2.5
[DEBUG] maven-war-plugin.version: 3.4.0
[DEBUG] maven.build.timestamp: 2025-10-26T03:09:04Z
[DEBUG] maven.build.version: Apache Maven 3.9.4 (dfbb324ad4a7c8fb0bf182e6d91b0ae20e3d2dd9)
[DEBUG] maven.compiler.release: 17
[DEBUG] maven.conf: /home/bdouirat/apache-maven-3.9.4/conf
[DEBUG] maven.home: /home/bdouirat/apache-maven-3.9.4
[DEBUG] maven.multiModuleProjectDirectory: /home/bdouirat/Desktop/01Blog
[DEBUG] maven.version: 3.9.4
[DEBUG] micrometer-tracing.version: 1.3.3
[DEBUG] micrometer.version: 1.13.3
[DEBUG] mockito.version: 5.11.0
[DEBUG] mongodb.version: 5.0.1
[DEBUG] mssql-jdbc.version: 12.6.3.jre11
[DEBUG] mysql.version: 8.3.0
[DEBUG] native-build-tools-plugin.version: 0.10.2
[DEBUG] native.encoding: UTF-8
[DEBUG] nekohtml.version: 1.9.22
[DEBUG] neo4j-java-driver.version: 5.23.0
[DEBUG] netty.version: 4.1.112.Final
[DEBUG] okhttp.version: 4.12.0
[DEBUG] opentelemetry.version: 1.37.0
[DEBUG] oracle-database.version: 21.9.0.0
[DEBUG] oracle-r2dbc.version: 1.2.0
[DEBUG] os.arch: amd64
[DEBUG] os.name: Linux
[DEBUG] os.version: 6.8.0-85-generic
[DEBUG] path.separator: :
[DEBUG] pooled-jms.version: 3.1.6
[DEBUG] postgresql.version: 42.7.3
[DEBUG] project.baseUri: file:/home/bdouirat/Desktop/01Blog/
[DEBUG] project.build.sourceEncoding: UTF-8
[DEBUG] project.reporting.outputEncoding: UTF-8
[DEBUG] prometheus-client.version: 1.2.1
[DEBUG] prometheus-simpleclient.version: 0.16.0
[DEBUG] pulsar-reactive.version: 0.5.7
[DEBUG] pulsar.version: 3.2.4
[DEBUG] quartz.version: 2.3.2
[DEBUG] querydsl.version: 5.1.0
[DEBUG] r2dbc-h2.version: 1.0.0.RELEASE
[DEBUG] r2dbc-mariadb.version: 1.2.1
[DEBUG] r2dbc-mssql.version: 1.0.2.RELEASE
[DEBUG] r2dbc-mysql.version: 1.1.3
[DEBUG] r2dbc-pool.version: 1.0.1.RELEASE
[DEBUG] r2dbc-postgresql.version: 1.0.5.RELEASE
[DEBUG] r2dbc-proxy.version: 1.1.5.RELEASE
[DEBUG] r2dbc-spi.version: 1.0.0.RELEASE
[DEBUG] rabbit-amqp-client.version: 5.21.0
[DEBUG] rabbit-stream-client.version: 0.15.0
[DEBUG] reactive-streams.version: 1.0.4
[DEBUG] reactor-bom.version: 2023.0.9
[DEBUG] resource.delimiter: @
[DEBUG] rest-assured.version: 5.4.0
[DEBUG] rsocket.version: 1.1.3
[DEBUG] rxjava3.version: 3.1.9
[DEBUG] saaj-impl.version: 3.0.4
[DEBUG] selenium-htmlunit.version: 4.13.0
[DEBUG] selenium.version: 4.19.1
[DEBUG] sendgrid.version: 4.10.2
[DEBUG] slf4j.version: 2.0.16
[DEBUG] snakeyaml.version: 2.2
[DEBUG] spring-amqp.version: 3.1.7
[DEBUG] spring-authorization-server.version: 1.3.2
[DEBUG] spring-batch.version: 5.1.2
[DEBUG] spring-boot.run.main-class: ${start-class}
[DEBUG] spring-data-bom.version: 2024.0.3
[DEBUG] spring-framework.version: 6.1.12
[DEBUG] spring-graphql.version: 1.3.2
[DEBUG] spring-hateoas.version: 2.3.2
[DEBUG] spring-integration.version: 6.3.3
[DEBUG] spring-kafka.version: 3.2.3
[DEBUG] spring-ldap.version: 3.2.6
[DEBUG] spring-pulsar.version: 1.1.3
[DEBUG] spring-restdocs.version: 3.0.1
[DEBUG] spring-retry.version: 2.0.8
[DEBUG] spring-security.version: 6.3.3
[DEBUG] spring-session.version: 3.3.2
[DEBUG] spring-ws.version: 4.0.11
[DEBUG] sqlite-jdbc.version: 3.45.3.0
[DEBUG] sun.arch.data.model: 64
[DEBUG] sun.boot.library.path: /usr/lib/jvm/java-17-openjdk-amd64/lib
[DEBUG] sun.cpu.endian: little
[DEBUG] sun.io.unicode.encoding: UnicodeLittle
[DEBUG] sun.java.command: org.codehaus.plexus.classworlds.launcher.Launcher spring-boot:run -X
[DEBUG] sun.java.launcher: SUN_STANDARD
[DEBUG] sun.jnu.encoding: UTF-8
[DEBUG] sun.management.compiler: HotSpot 64-Bit Tiered Compilers
[DEBUG] testcontainers.version: 1.19.8
[DEBUG] thymeleaf-extras-data-attribute.version: 2.0.1
[DEBUG] thymeleaf-extras-springsecurity.version: 3.1.2.RELEASE
[DEBUG] thymeleaf-layout-dialect.version: 3.3.0
[DEBUG] thymeleaf.version: 3.1.2.RELEASE
[DEBUG] tomcat.version: 10.1.28
[DEBUG] unboundid-ldapsdk.version: 6.0.11
[DEBUG] undertow.version: 2.3.13.Final
[DEBUG] user.country: US
[DEBUG] user.dir: /home/bdouirat/Desktop/01Blog
[DEBUG] user.home: /home/bdouirat
[DEBUG] user.language: en
[DEBUG] user.name: bdouirat
[DEBUG] versions-maven-plugin.version: 2.16.2
[DEBUG] webjars-locator-core.version: 0.58
[DEBUG] wsdl4j.version: 1.6.3
[DEBUG] xml-maven-plugin.version: 1.1.0
[DEBUG] xmlunit2.version: 2.9.1
[DEBUG] yasson.version: 3.0.4
[DEBUG] zipkin-reporter.version: 3.4.0
[DEBUG] Using 'UTF-8' encoding to copy filtered resources.
[DEBUG] Using 'UTF-8' encoding to copy filtered properties files.
[DEBUG] resource with targetPath null
directory /home/bdouirat/Desktop/01Blog/src/main/resources
excludes []
includes [**/application*.yml, **/application*.yaml, **/application*.properties]
[DEBUG] ignoreDelta true
[INFO] Copying 1 resource from src/main/resources to target/classes
[DEBUG] Copying file application.properties
[DEBUG] file application.properties has a filtered file extension
[DEBUG] Using 'UTF-8' encoding to copy filtered resource 'application.properties'.
[DEBUG] filtering /home/bdouirat/Desktop/01Blog/src/main/resources/application.properties to /home/bdouirat/Desktop/01Blog/target/classes/application.properties
[DEBUG] resource with targetPath null
directory /home/bdouirat/Desktop/01Blog/src/main/resources
excludes [**/application*.yml, **/application*.yaml, **/application*.properties]
includes []
[DEBUG] ignoreDelta true
[INFO] Copying 0 resource from src/main/resources to target/classes
[DEBUG] no user filter components
[INFO] 
[INFO] --- compiler:3.11.0:compile (default-compile) @ backend ---
[DEBUG] Using mirror maven-default-http-blocker (http://0.0.0.0/) for apache.snapshots (http://repository.apache.org/snapshots).
[DEBUG] Dependency collection stats {ConflictMarker.analyzeTime=26535, ConflictMarker.markTime=18128, ConflictMarker.nodeCount=17, ConflictIdSorter.graphTime=14429, ConflictIdSorter.topsortTime=10869, ConflictIdSorter.conflictIdCount=12, ConflictIdSorter.conflictIdCycleCount=0, ConflictResolver.totalTime=122549, ConflictResolver.conflictItemCount=17, DfDependencyCollector.collectTime=21733858, DfDependencyCollector.transformTime=205400}
[DEBUG] org.apache.maven.plugins:maven-compiler-plugin:jar:3.11.0
[DEBUG]    org.apache.maven.shared:maven-shared-utils:jar:3.3.4:compile
[DEBUG]       commons-io:commons-io:jar:2.6:compile
[DEBUG]    org.apache.maven.shared:maven-shared-incremental:jar:1.1:compile
[DEBUG]       org.codehaus.plexus:plexus-component-annotations:jar:1.5.5:compile
[DEBUG]    org.codehaus.plexus:plexus-java:jar:1.1.2:compile
[DEBUG]       org.ow2.asm:asm:jar:9.4:compile
[DEBUG]       com.thoughtworks.qdox:qdox:jar:2.0.3:compile (version managed from default)
[DEBUG]    org.codehaus.plexus:plexus-compiler-api:jar:2.13.0:compile
[DEBUG]       org.codehaus.plexus:plexus-utils:jar:3.5.0:compile (version managed from default)
[DEBUG]    org.codehaus.plexus:plexus-compiler-manager:jar:2.13.0:compile
[DEBUG]    org.codehaus.plexus:plexus-compiler-javac:jar:2.13.0:runtime
[DEBUG] Created new class realm plugin>org.apache.maven.plugins:maven-compiler-plugin:3.11.0
[DEBUG] Importing foreign packages into class realm plugin>org.apache.maven.plugins:maven-compiler-plugin:3.11.0
[DEBUG]   Imported:  < maven.api
[DEBUG] Populating class realm plugin>org.apache.maven.plugins:maven-compiler-plugin:3.11.0
[DEBUG]   Included: org.apache.maven.plugins:maven-compiler-plugin:jar:3.11.0
[DEBUG]   Included: org.apache.maven.shared:maven-shared-utils:jar:3.3.4
[DEBUG]   Included: commons-io:commons-io:jar:2.6
[DEBUG]   Included: org.apache.maven.shared:maven-shared-incremental:jar:1.1
[DEBUG]   Included: org.codehaus.plexus:plexus-component-annotations:jar:1.5.5
[DEBUG]   Included: org.codehaus.plexus:plexus-java:jar:1.1.2
[DEBUG]   Included: org.ow2.asm:asm:jar:9.4
[DEBUG]   Included: com.thoughtworks.qdox:qdox:jar:2.0.3
[DEBUG]   Included: org.codehaus.plexus:plexus-compiler-api:jar:2.13.0
[DEBUG]   Included: org.codehaus.plexus:plexus-utils:jar:3.5.0
[DEBUG]   Included: org.codehaus.plexus:plexus-compiler-manager:jar:2.13.0
[DEBUG]   Included: org.codehaus.plexus:plexus-compiler-javac:jar:2.13.0
[DEBUG] Loading mojo org.apache.maven.plugins:maven-compiler-plugin:3.11.0:compile from plugin realm ClassRealm[plugin>org.apache.maven.plugins:maven-compiler-plugin:3.11.0, parent: jdk.internal.loader.ClassLoaders$AppClassLoader@30946e09]
[DEBUG] Configuring mojo execution 'org.apache.maven.plugins:maven-compiler-plugin:3.11.0:compile:default-compile' with basic configurator -->
[DEBUG]   (f) basedir = /home/bdouirat/Desktop/01Blog
[DEBUG]   (f) buildDirectory = /home/bdouirat/Desktop/01Blog/target
[DEBUG]   (f) compilePath = [/home/bdouirat/Desktop/01Blog/target/classes, /home/bdouirat/.m2/repository/org/springframework/boot/spring-boot-starter-web/3.3.3/spring-boot-starter-web-3.3.3.jar, /home/bdouirat/.m2/repository/org/springframework/boot/spring-boot-starter/3.3.3/spring-boot-starter-3.3.3.jar, /home/bdouirat/.m2/repository/org/springframework/boot/spring-boot/3.3.3/spring-boot-3.3.3.jar, /home/bdouirat/.m2/repository/org/springframework/boot/spring-boot-autoconfigure/3.3.3/spring-boot-autoconfigure-3.3.3.jar, /home/bdouirat/.m2/repository/org/springframework/boot/spring-boot-starter-logging/3.3.3/spring-boot-starter-logging-3.3.3.jar, /home/bdouirat/.m2/repository/ch/qos/logback/logback-classic/1.5.7/logback-classic-1.5.7.jar, /home/bdouirat/.m2/repository/ch/qos/logback/logback-core/1.5.7/logback-core-1.5.7.jar, /home/bdouirat/.m2/repository/org/apache/logging/log4j/log4j-to-slf4j/2.23.1/log4j-to-slf4j-2.23.1.jar, /home/bdouirat/.m2/repository/org/apache/logging/log4j/log4j-api/2.23.1/log4j-api-2.23.1.jar, /home/bdouirat/.m2/repository/org/slf4j/jul-to-slf4j/2.0.16/jul-to-slf4j-2.0.16.jar, /home/bdouirat/.m2/repository/jakarta/annotation/jakarta.annotation-api/2.1.1/jakarta.annotation-api-2.1.1.jar, /home/bdouirat/.m2/repository/org/yaml/snakeyaml/2.2/snakeyaml-2.2.jar, /home/bdouirat/.m2/repository/org/springframework/boot/spring-boot-starter-json/3.3.3/spring-boot-starter-json-3.3.3.jar, /home/bdouirat/.m2/repository/com/fasterxml/jackson/datatype/jackson-datatype-jdk8/2.17.2/jackson-datatype-jdk8-2.17.2.jar, /home/bdouirat/.m2/repository/com/fasterxml/jackson/datatype/jackson-datatype-jsr310/2.17.2/jackson-datatype-jsr310-2.17.2.jar, /home/bdouirat/.m2/repository/com/fasterxml/jackson/module/jackson-module-parameter-names/2.17.2/jackson-module-parameter-names-2.17.2.jar, /home/bdouirat/.m2/repository/org/springframework/boot/spring-boot-starter-tomcat/3.3.3/spring-boot-starter-tomcat-3.3.3.jar, /home/bdouirat/.m2/repository/org/apache/tomcat/embed/tomcat-embed-core/10.1.28/tomcat-embed-core-10.1.28.jar, /home/bdouirat/.m2/repository/org/apache/tomcat/embed/tomcat-embed-el/10.1.28/tomcat-embed-el-10.1.28.jar, /home/bdouirat/.m2/repository/org/apache/tomcat/embed/tomcat-embed-websocket/10.1.28/tomcat-embed-websocket-10.1.28.jar, /home/bdouirat/.m2/repository/org/springframework/spring-web/6.1.12/spring-web-6.1.12.jar, /home/bdouirat/.m2/repository/org/springframework/spring-beans/6.1.12/spring-beans-6.1.12.jar, /home/bdouirat/.m2/repository/io/micrometer/micrometer-observation/1.13.3/micrometer-observation-1.13.3.jar, /home/bdouirat/.m2/repository/io/micrometer/micrometer-commons/1.13.3/micrometer-commons-1.13.3.jar, /home/bdouirat/.m2/repository/org/springframework/spring-webmvc/6.1.12/spring-webmvc-6.1.12.jar, /home/bdouirat/.m2/repository/org/springframework/spring-context/6.1.12/spring-context-6.1.12.jar, /home/bdouirat/.m2/repository/org/springframework/spring-expression/6.1.12/spring-expression-6.1.12.jar, /home/bdouirat/.m2/repository/org/springframework/boot/spring-boot-starter-data-jpa/3.3.3/spring-boot-starter-data-jpa-3.3.3.jar, /home/bdouirat/.m2/repository/org/springframework/boot/spring-boot-starter-aop/3.3.3/spring-boot-starter-aop-3.3.3.jar, /home/bdouirat/.m2/repository/org/aspectj/aspectjweaver/1.9.22.1/aspectjweaver-1.9.22.1.jar, /home/bdouirat/.m2/repository/org/springframework/boot/spring-boot-starter-jdbc/3.3.3/spring-boot-starter-jdbc-3.3.3.jar, /home/bdouirat/.m2/repository/com/zaxxer/HikariCP/5.1.0/HikariCP-5.1.0.jar, /home/bdouirat/.m2/repository/org/springframework/spring-jdbc/6.1.12/spring-jdbc-6.1.12.jar, /home/bdouirat/.m2/repository/org/hibernate/orm/hibernate-core/6.5.2.Final/hibernate-core-6.5.2.Final.jar, /home/bdouirat/.m2/repository/jakarta/persistence/jakarta.persistence-api/3.1.0/jakarta.persistence-api-3.1.0.jar, /home/bdouirat/.m2/repository/jakarta/transaction/jakarta.transaction-api/2.0.1/jakarta.transaction-api-2.0.1.jar, /home/bdouirat/.m2/repository/org/antlr/antlr4-runtime/4.13.0/antlr4-runtime-4.13.0.jar, /home/bdouirat/.m2/repository/org/springframework/data/spring-data-jpa/3.3.3/spring-data-jpa-3.3.3.jar, /home/bdouirat/.m2/repository/org/springframework/data/spring-data-commons/3.3.3/spring-data-commons-3.3.3.jar, /home/bdouirat/.m2/repository/org/springframework/spring-orm/6.1.12/spring-orm-6.1.12.jar, /home/bdouirat/.m2/repository/org/springframework/spring-tx/6.1.12/spring-tx-6.1.12.jar, /home/bdouirat/.m2/repository/org/springframework/spring-aspects/6.1.12/spring-aspects-6.1.12.jar, /home/bdouirat/.m2/repository/org/springframework/boot/spring-boot-starter-security/3.3.3/spring-boot-starter-security-3.3.3.jar, /home/bdouirat/.m2/repository/org/springframework/spring-aop/6.1.12/spring-aop-6.1.12.jar, /home/bdouirat/.m2/repository/org/springframework/security/spring-security-config/6.3.3/spring-security-config-6.3.3.jar, /home/bdouirat/.m2/repository/org/springframework/security/spring-security-core/6.3.3/spring-security-core-6.3.3.jar, /home/bdouirat/.m2/repository/org/springframework/security/spring-security-crypto/6.3.3/spring-security-crypto-6.3.3.jar, /home/bdouirat/.m2/repository/org/springframework/security/spring-security-web/6.3.3/spring-security-web-6.3.3.jar, /home/bdouirat/.m2/repository/io/jsonwebtoken/jjwt-api/0.11.5/jjwt-api-0.11.5.jar, /home/bdouirat/.m2/repository/com/fasterxml/jackson/core/jackson-databind/2.17.2/jackson-databind-2.17.2.jar, /home/bdouirat/.m2/repository/com/fasterxml/jackson/core/jackson-annotations/2.17.2/jackson-annotations-2.17.2.jar, /home/bdouirat/.m2/repository/com/fasterxml/jackson/core/jackson-core/2.17.2/jackson-core-2.17.2.jar, /home/bdouirat/.m2/repository/org/xerial/sqlite-jdbc/3.46.0.0/sqlite-jdbc-3.46.0.0.jar, /home/bdouirat/.m2/repository/org/slf4j/slf4j-api/2.0.16/slf4j-api-2.0.16.jar, /home/bdouirat/.m2/repository/org/projectlombok/lombok/1.18.34/lombok-1.18.34.jar, /home/bdouirat/.m2/repository/org/springframework/spring-core/6.1.12/spring-core-6.1.12.jar, /home/bdouirat/.m2/repository/org/springframework/spring-jcl/6.1.12/spring-jcl-6.1.12.jar]
[DEBUG]   (f) compileSourceRoots = [/home/bdouirat/Desktop/01Blog/src/main/java]
[DEBUG]   (f) compilerId = javac
[DEBUG]   (f) createMissingPackageInfoClass = true
[DEBUG]   (f) debug = true
[DEBUG]   (f) debugFileName = javac
[DEBUG]   (f) enablePreview = false
[DEBUG]   (f) encoding = UTF-8
[DEBUG]   (f) failOnError = true
[DEBUG]   (f) failOnWarning = false
[DEBUG]   (f) forceJavacCompilerUse = false
[DEBUG]   (f) fork = false
[DEBUG]   (f) generatedSourcesDirectory = /home/bdouirat/Desktop/01Blog/target/generated-sources/annotations
[DEBUG]   (f) mojoExecution = org.apache.maven.plugins:maven-compiler-plugin:3.11.0:compile {execution: default-compile}
[DEBUG]   (f) optimize = false
[DEBUG]   (f) outputDirectory = /home/bdouirat/Desktop/01Blog/target/classes
[DEBUG]   (f) parameters = true
[DEBUG]   (f) project = MavenProject: com.blog:backend:0.0.1-SNAPSHOT @ /home/bdouirat/Desktop/01Blog/pom.xml
[DEBUG]   (f) projectArtifact = com.blog:backend:jar:0.0.1-SNAPSHOT
[DEBUG]   (s) release = 17
[DEBUG]   (f) session = org.apache.maven.execution.MavenSession@5555ffcf
[DEBUG]   (f) showCompilationChanges = false
[DEBUG]   (f) showDeprecation = false
[DEBUG]   (f) showWarnings = true
[DEBUG]   (f) skipMultiThreadWarning = false
[DEBUG]   (f) source = 1.8
[DEBUG]   (f) staleMillis = 0
[DEBUG]   (s) target = 1.8
[DEBUG]   (f) useIncrementalCompilation = true
[DEBUG]   (f) verbose = false
[DEBUG] -- end configuration --
[DEBUG] Using compiler 'javac'.
[DEBUG] Adding /home/bdouirat/Desktop/01Blog/target/generated-sources/annotations to compile source roots:
  /home/bdouirat/Desktop/01Blog/src/main/java
[DEBUG] New compile source roots:
  /home/bdouirat/Desktop/01Blog/src/main/java
  /home/bdouirat/Desktop/01Blog/target/generated-sources/annotations
[DEBUG] CompilerReuseStrategy: reuseCreated
[DEBUG] useIncrementalCompilation enabled
[INFO] Nothing to compile - all classes are up to date
[INFO] 
[INFO] --- resources:3.3.1:testResources (default-testResources) @ backend ---
[DEBUG] Loading mojo org.apache.maven.plugins:maven-resources-plugin:3.3.1:testResources from plugin realm ClassRealm[plugin>org.apache.maven.plugins:maven-resources-plugin:3.3.1, parent: jdk.internal.loader.ClassLoaders$AppClassLoader@30946e09]
[DEBUG] Configuring mojo execution 'org.apache.maven.plugins:maven-resources-plugin:3.3.1:testResources:default-testResources' with basic configurator -->
[DEBUG]   (f) addDefaultExcludes = true
[DEBUG]   (f) buildFilters = []
[DEBUG]   (s) delimiters = [@]
[DEBUG]   (f) encoding = UTF-8
[DEBUG]   (f) escapeWindowsPaths = true
[DEBUG]   (f) fileNameFiltering = false
[DEBUG]   (s) includeEmptyDirs = false
[DEBUG]   (s) outputDirectory = /home/bdouirat/Desktop/01Blog/target/test-classes
[DEBUG]   (s) overwrite = false
[DEBUG]   (f) project = MavenProject: com.blog:backend:0.0.1-SNAPSHOT @ /home/bdouirat/Desktop/01Blog/pom.xml
[DEBUG]   (f) propertiesEncoding = UTF-8
[DEBUG]   (s) resources = [Resource {targetPath: null, filtering: false, FileSet {directory: /home/bdouirat/Desktop/01Blog/src/test/resources, PatternSet [includes: {}, excludes: {}]}}]
[DEBUG]   (f) session = org.apache.maven.execution.MavenSession@5555ffcf
[DEBUG]   (f) skip = false
[DEBUG]   (f) supportMultiLineFiltering = false
[DEBUG]   (f) useBuildFilters = true
[DEBUG]   (s) useDefaultDelimiters = false
[DEBUG] -- end configuration --
[DEBUG] properties used:
[DEBUG] activemq.version: 6.1.3
[DEBUG] angus-mail.version: 2.0.3
[DEBUG] artemis.version: 2.33.0
[DEBUG] aspectj.version: 1.9.22.1
[DEBUG] assertj.version: 3.25.3
[DEBUG] awaitility.version: 4.2.2
[DEBUG] brave.version: 6.0.3
[DEBUG] build-helper-maven-plugin.version: 3.5.0
[DEBUG] byte-buddy.version: 1.14.19
[DEBUG] cache2k.version: 2.6.1.Final
[DEBUG] caffeine.version: 3.1.8
[DEBUG] cassandra-driver.version: 4.18.1
[DEBUG] classmate.version: 1.7.0
[DEBUG] classworlds.conf: /home/bdouirat/apache-maven-3.9.4/bin/m2.conf
[DEBUG] commons-codec.version: 1.16.1
[DEBUG] commons-dbcp2.version: 2.12.0
[DEBUG] commons-lang3.version: 3.14.0
[DEBUG] commons-pool.version: 1.6
[DEBUG] commons-pool2.version: 2.12.0
[DEBUG] couchbase-client.version: 3.6.3
[DEBUG] crac.version: 1.4.0
[DEBUG] cyclonedx-maven-plugin.version: 2.8.1
[DEBUG] db2-jdbc.version: 11.5.9.0
[DEBUG] dependency-management-plugin.version: 1.1.6
[DEBUG] derby.version: 10.16.1.1
[DEBUG] ehcache3.version: 3.10.8
[DEBUG] elasticsearch-client.version: 8.13.4
[DEBUG] env.CHROME_DESKTOP: code.desktop
[DEBUG] env.COLORTERM: truecolor
[DEBUG] env.DBUS_SESSION_BUS_ADDRESS: unix:path=/run/user/1055/bus
[DEBUG] env.DESKTOP_SESSION: ubuntu
[DEBUG] env.DISPLAY: :1
[DEBUG] env.GDK_BACKEND: x11
[DEBUG] env.GDMSESSION: ubuntu
[DEBUG] env.GIO_LAUNCHED_DESKTOP_FILE: /usr/share/applications/code.desktop
[DEBUG] env.GIO_LAUNCHED_DESKTOP_FILE_PID: 416409
[DEBUG] env.GIT_ASKPASS: /usr/share/code/resources/app/extensions/git/dist/askpass.sh
[DEBUG] env.GJS_DEBUG_OUTPUT: stderr
[DEBUG] env.GJS_DEBUG_TOPICS: JS ERROR;JS LOG
[DEBUG] env.GNOME_DESKTOP_SESSION_ID: this-is-deprecated
[DEBUG] env.GNOME_SHELL_SESSION_MODE: ubuntu
[DEBUG] env.GPG_AGENT_INFO: /run/user/1055/gnupg/S.gpg-agent:0:1
[DEBUG] env.GTK_IM_MODULE: ibus
[DEBUG] env.GTK_MODULES: gail:atk-bridge
[DEBUG] env.HOME: /home/bdouirat
[DEBUG] env.INVOCATION_ID: 4dc08cda79f941849ee564bf48facb4c
[DEBUG] env.JOURNAL_STREAM: 8:1242029
[DEBUG] env.LANG: en_US.UTF-8
[DEBUG] env.LESS: -R
[DEBUG] env.LOGNAME: bdouirat
[DEBUG] env.LSCOLORS: Gxfxcxdxbxegedabagacad
[DEBUG] env.LS_COLORS: rs=0:di=01;34:ln=01;36:mh=00:pi=40;33:so=01;35:do=01;35:bd=40;33;01:cd=40;33;01:or=40;31;01:mi=00:su=37;41:sg=30;43:ca=30;41:tw=30;42:ow=34;42:st=37;44:ex=01;32:*.tar=01;31:*.tgz=01;31:*.arc=01;31:*.arj=01;31:*.taz=01;31:*.lha=01;31:*.lz4=01;31:*.lzh=01;31:*.lzma=01;31:*.tlz=01;31:*.txz=01;31:*.tzo=01;31:*.t7z=01;31:*.zip=01;31:*.z=01;31:*.dz=01;31:*.gz=01;31:*.lrz=01;31:*.lz=01;31:*.lzo=01;31:*.xz=01;31:*.zst=01;31:*.tzst=01;31:*.bz2=01;31:*.bz=01;31:*.tbz=01;31:*.tbz2=01;31:*.tz=01;31:*.deb=01;31:*.rpm=01;31:*.jar=01;31:*.war=01;31:*.ear=01;31:*.sar=01;31:*.rar=01;31:*.alz=01;31:*.ace=01;31:*.zoo=01;31:*.cpio=01;31:*.7z=01;31:*.rz=01;31:*.cab=01;31:*.wim=01;31:*.swm=01;31:*.dwm=01;31:*.esd=01;31:*.jpg=01;35:*.jpeg=01;35:*.mjpg=01;35:*.mjpeg=01;35:*.gif=01;35:*.bmp=01;35:*.pbm=01;35:*.pgm=01;35:*.ppm=01;35:*.tga=01;35:*.xbm=01;35:*.xpm=01;35:*.tif=01;35:*.tiff=01;35:*.png=01;35:*.svg=01;35:*.svgz=01;35:*.mng=01;35:*.pcx=01;35:*.mov=01;35:*.mpg=01;35:*.mpeg=01;35:*.m2v=01;35:*.mkv=01;35:*.webm=01;35:*.webp=01;35:*.ogm=01;35:*.mp4=01;35:*.m4v=01;35:*.mp4v=01;35:*.vob=01;35:*.qt=01;35:*.nuv=01;35:*.wmv=01;35:*.asf=01;35:*.rm=01;35:*.rmvb=01;35:*.flc=01;35:*.avi=01;35:*.fli=01;35:*.flv=01;35:*.gl=01;35:*.dl=01;35:*.xcf=01;35:*.xwd=01;35:*.yuv=01;35:*.cgm=01;35:*.emf=01;35:*.ogv=01;35:*.ogx=01;35:*.aac=00;36:*.au=00;36:*.flac=00;36:*.m4a=00;36:*.mid=00;36:*.midi=00;36:*.mka=00;36:*.mp3=00;36:*.mpc=00;36:*.ogg=00;36:*.ra=00;36:*.wav=00;36:*.oga=00;36:*.opus=00;36:*.spx=00;36:*.xspf=00;36:
[DEBUG] env.M2_HOME: /home/bdouirat/apache-maven-3.9.4
[DEBUG] env.MANAGERPID: 415132
[DEBUG] env.MAVEN_CMD_LINE_ARGS:  spring-boot:run -X
[DEBUG] env.MAVEN_PROJECTBASEDIR: /home/bdouirat/Desktop/01Blog
[DEBUG] env.OLDPWD: /home/bdouirat/Desktop/01Blog
[DEBUG] env.ORIGINAL_XDG_CURRENT_DESKTOP: ubuntu:GNOME
[DEBUG] env.PAGER: less
[DEBUG] env.PATH: /home/bdouirat/apache-maven-3.9.4/bin:/usr/local/sbin:/usr/local/bin:/usr/sbin:/usr/bin:/sbin:/bin:/usr/games:/usr/local/games:/snap/bin:/usr/local/go/bin:/snap/bin:/usr/local/go/bin:/home/bdouirat/.config/Code/User/globalStorage/github.copilot-chat/debugCommand
[DEBUG] env.PWD: /home/bdouirat/Desktop/01Blog
[DEBUG] env.QT_ACCESSIBILITY: 1
[DEBUG] env.QT_IM_MODULE: ibus
[DEBUG] env.SESSION_MANAGER: local/z1r10s2:@/tmp/.ICE-unix/415858,unix/z1r10s2:/tmp/.ICE-unix/415858
[DEBUG] env.SHELL: /bin/zsh
[DEBUG] env.SHLVL: 1
[DEBUG] env.SSH_AGENT_LAUNCHER: gnome-keyring
[DEBUG] env.SSH_AUTH_SOCK: /run/user/1055/keyring/ssh
[DEBUG] env.SYSTEMD_EXEC_PID: 415899
[DEBUG] env.TERM: xterm-256color
[DEBUG] env.TERM_PROGRAM: vscode
[DEBUG] env.TERM_PROGRAM_VERSION: 1.104.0
[DEBUG] env.USER: bdouirat
[DEBUG] env.USERNAME: bdouirat
[DEBUG] env.USER_ZDOTDIR: /home/bdouirat
[DEBUG] env.VSCODE_GIT_ASKPASS_EXTRA_ARGS: 
[DEBUG] env.VSCODE_GIT_ASKPASS_MAIN: /usr/share/code/resources/app/extensions/git/dist/askpass-main.js
[DEBUG] env.VSCODE_GIT_ASKPASS_NODE: /usr/share/code/code
[DEBUG] env.VSCODE_GIT_IPC_HANDLE: /run/user/1055/vscode-git-4c4d3cee3e.sock
[DEBUG] env.VSCODE_INJECTION: 1
[DEBUG] env.VSCODE_PYTHON_AUTOACTIVATE_GUARD: 1
[DEBUG] env.WINDOWPATH: 2
[DEBUG] env.XAUTHORITY: /run/user/1055/gdm/Xauthority
[DEBUG] env.XDG_CONFIG_DIRS: /etc/xdg/xdg-ubuntu:/etc/xdg
[DEBUG] env.XDG_CURRENT_DESKTOP: Unity
[DEBUG] env.XDG_DATA_DIRS: /usr/share/ubuntu:/usr/share/gnome:/usr/local/share/:/usr/share/:/var/lib/snapd/desktop
[DEBUG] env.XDG_MENU_PREFIX: gnome-
[DEBUG] env.XDG_RUNTIME_DIR: /run/user/1055
[DEBUG] env.XDG_SESSION_CLASS: user
[DEBUG] env.XDG_SESSION_DESKTOP: ubuntu
[DEBUG] env.XDG_SESSION_TYPE: x11
[DEBUG] env.XMODIFIERS: @im=ibus
[DEBUG] env.ZDOTDIR: /home/bdouirat
[DEBUG] env.ZSH: /home/bdouirat/.oh-my-zsh
[DEBUG] env._: /home/bdouirat/apache-maven-3.9.4/bin/mvn
[DEBUG] file.encoding: UTF-8
[DEBUG] file.separator: /
[DEBUG] flyway.version: 10.10.0
[DEBUG] freemarker.version: 2.3.33
[DEBUG] git-commit-id-maven-plugin.version: 8.0.2
[DEBUG] glassfish-jaxb.version: 4.0.5
[DEBUG] glassfish-jstl.version: 3.0.1
[DEBUG] graphql-java.version: 22.1
[DEBUG] groovy.version: 4.0.22
[DEBUG] gson.version: 2.10.1
[DEBUG] h2.version: 2.2.224
[DEBUG] hamcrest.version: 2.2
[DEBUG] hazelcast.version: 5.4.0
[DEBUG] hibernate-validator.version: 8.0.1.Final
[DEBUG] hibernate.version: 6.5.2.Final
[DEBUG] hikaricp.version: 5.1.0
[DEBUG] hsqldb.version: 2.7.3
[DEBUG] htmlunit.version: 2.70.0
[DEBUG] httpasyncclient.version: 4.1.5
[DEBUG] httpclient5.version: 5.3.1
[DEBUG] httpcore.version: 4.4.16
[DEBUG] httpcore5.version: 5.2.5
[DEBUG] infinispan.version: 15.0.7.Final
[DEBUG] influxdb-java.version: 2.24
[DEBUG] jackson-bom.version: 2.17.2
[DEBUG] jakarta-activation.version: 2.1.3
[DEBUG] jakarta-annotation.version: 2.1.1
[DEBUG] jakarta-inject.version: 2.0.1
[DEBUG] jakarta-jms.version: 3.1.0
[DEBUG] jakarta-json-bind.version: 3.0.1
[DEBUG] jakarta-json.version: 2.1.3
[DEBUG] jakarta-mail.version: 2.1.3
[DEBUG] jakarta-management.version: 1.1.4
[DEBUG] jakarta-persistence.version: 3.1.0
[DEBUG] jakarta-servlet-jsp-jstl.version: 3.0.1
[DEBUG] jakarta-servlet.version: 6.0.0
[DEBUG] jakarta-transaction.version: 2.0.1
[DEBUG] jakarta-validation.version: 3.0.2
[DEBUG] jakarta-websocket.version: 2.1.1
[DEBUG] jakarta-ws-rs.version: 3.1.0
[DEBUG] jakarta-xml-bind.version: 4.0.2
[DEBUG] jakarta-xml-soap.version: 3.0.2
[DEBUG] jakarta-xml-ws.version: 4.0.2
[DEBUG] janino.version: 3.1.12
[DEBUG] java.class.path: /home/bdouirat/apache-maven-3.9.4/boot/plexus-classworlds-2.7.0.jar
[DEBUG] java.class.version: 61.0
[DEBUG] java.home: /usr/lib/jvm/java-17-openjdk-amd64
[DEBUG] java.io.tmpdir: /tmp
[DEBUG] java.library.path: /usr/java/packages/lib:/usr/lib/x86_64-linux-gnu/jni:/lib/x86_64-linux-gnu:/usr/lib/x86_64-linux-gnu:/usr/lib/jni:/lib:/usr/lib
[DEBUG] java.runtime.name: OpenJDK Runtime Environment
[DEBUG] java.runtime.version: 17.0.16+8-Ubuntu-0ubuntu122.04.1
[DEBUG] java.specification.maintenance.version: 1
[DEBUG] java.specification.name: Java Platform API Specification
[DEBUG] java.specification.vendor: Oracle Corporation
[DEBUG] java.specification.version: 17
[DEBUG] java.vendor: Ubuntu
[DEBUG] java.vendor.url: https://ubuntu.com/
[DEBUG] java.vendor.url.bug: https://bugs.launchpad.net/ubuntu/+source/openjdk-17
[DEBUG] java.version: 17.0.16
[DEBUG] java.version.date: 2025-07-15
[DEBUG] java.vm.compressedOopsMode: Zero based
[DEBUG] java.vm.info: mixed mode, sharing
[DEBUG] java.vm.name: OpenJDK 64-Bit Server VM
[DEBUG] java.vm.specification.name: Java Virtual Machine Specification
[DEBUG] java.vm.specification.vendor: Oracle Corporation
[DEBUG] java.vm.specification.version: 17
[DEBUG] java.vm.vendor: Ubuntu
[DEBUG] java.vm.version: 17.0.16+8-Ubuntu-0ubuntu122.04.1
[DEBUG] javax-cache.version: 1.1.1
[DEBUG] javax-money.version: 1.1
[DEBUG] jaxen.version: 2.0.0
[DEBUG] jaybird.version: 5.0.5.java11
[DEBUG] jboss-logging.version: 3.5.3.Final
[DEBUG] jdk.debug: release
[DEBUG] jdom2.version: 2.0.6.1
[DEBUG] jedis.version: 5.0.2
[DEBUG] jersey.version: 3.1.8
[DEBUG] jetty-reactive-httpclient.version: 4.0.6
[DEBUG] jetty.version: 12.0.12
[DEBUG] jmustache.version: 1.16
[DEBUG] jooq.version: 3.19.11
[DEBUG] json-path.version: 2.9.0
[DEBUG] json-smart.version: 2.5.1
[DEBUG] jsonassert.version: 1.5.3
[DEBUG] jtds.version: 1.3.1
[DEBUG] junit-jupiter.version: 5.10.3
[DEBUG] junit.version: 4.13.2
[DEBUG] kafka.version: 3.7.1
[DEBUG] kotlin-coroutines.version: 1.8.1
[DEBUG] kotlin-serialization.version: 1.6.3
[DEBUG] kotlin.version: 1.9.25
[DEBUG] lettuce.version: 6.3.2.RELEASE
[DEBUG] library.jansi.path: /home/bdouirat/apache-maven-3.9.4/lib/jansi-native
[DEBUG] line.separator: 

[DEBUG] liquibase.version: 4.27.0
[DEBUG] log4j2.version: 2.23.1
[DEBUG] logback.version: 1.5.7
[DEBUG] lombok.version: 1.18.34
[DEBUG] mariadb.version: 3.3.3
[DEBUG] maven-antrun-plugin.version: 3.1.0
[DEBUG] maven-assembly-plugin.version: 3.7.1
[DEBUG] maven-clean-plugin.version: 3.3.2
[DEBUG] maven-compiler-plugin.version: 3.13.0
[DEBUG] maven-dependency-plugin.version: 3.6.1
[DEBUG] maven-deploy-plugin.version: 3.1.3
[DEBUG] maven-enforcer-plugin.version: 3.4.1
[DEBUG] maven-failsafe-plugin.version: 3.2.5
[DEBUG] maven-help-plugin.version: 3.4.1
[DEBUG] maven-install-plugin.version: 3.1.3
[DEBUG] maven-invoker-plugin.version: 3.6.1
[DEBUG] maven-jar-plugin.version: 3.4.2
[DEBUG] maven-javadoc-plugin.version: 3.6.3
[DEBUG] maven-resources-plugin.version: 3.3.1
[DEBUG] maven-shade-plugin.version: 3.5.3
[DEBUG] maven-source-plugin.version: 3.3.1
[DEBUG] maven-surefire-plugin.version: 3.2.5
[DEBUG] maven-war-plugin.version: 3.4.0
[DEBUG] maven.build.timestamp: 2025-10-26T03:09:04Z
[DEBUG] maven.build.version: Apache Maven 3.9.4 (dfbb324ad4a7c8fb0bf182e6d91b0ae20e3d2dd9)
[DEBUG] maven.compiler.release: 17
[DEBUG] maven.conf: /home/bdouirat/apache-maven-3.9.4/conf
[DEBUG] maven.home: /home/bdouirat/apache-maven-3.9.4
[DEBUG] maven.multiModuleProjectDirectory: /home/bdouirat/Desktop/01Blog
[DEBUG] maven.version: 3.9.4
[DEBUG] micrometer-tracing.version: 1.3.3
[DEBUG] micrometer.version: 1.13.3
[DEBUG] mockito.version: 5.11.0
[DEBUG] mongodb.version: 5.0.1
[DEBUG] mssql-jdbc.version: 12.6.3.jre11
[DEBUG] mysql.version: 8.3.0
[DEBUG] native-build-tools-plugin.version: 0.10.2
[DEBUG] native.encoding: UTF-8
[DEBUG] nekohtml.version: 1.9.22
[DEBUG] neo4j-java-driver.version: 5.23.0
[DEBUG] netty.version: 4.1.112.Final
[DEBUG] okhttp.version: 4.12.0
[DEBUG] opentelemetry.version: 1.37.0
[DEBUG] oracle-database.version: 21.9.0.0
[DEBUG] oracle-r2dbc.version: 1.2.0
[DEBUG] os.arch: amd64
[DEBUG] os.name: Linux
[DEBUG] os.version: 6.8.0-85-generic
[DEBUG] path.separator: :
[DEBUG] pooled-jms.version: 3.1.6
[DEBUG] postgresql.version: 42.7.3
[DEBUG] project.baseUri: file:/home/bdouirat/Desktop/01Blog/
[DEBUG] project.build.sourceEncoding: UTF-8
[DEBUG] project.reporting.outputEncoding: UTF-8
[DEBUG] prometheus-client.version: 1.2.1
[DEBUG] prometheus-simpleclient.version: 0.16.0
[DEBUG] pulsar-reactive.version: 0.5.7
[DEBUG] pulsar.version: 3.2.4
[DEBUG] quartz.version: 2.3.2
[DEBUG] querydsl.version: 5.1.0
[DEBUG] r2dbc-h2.version: 1.0.0.RELEASE
[DEBUG] r2dbc-mariadb.version: 1.2.1
[DEBUG] r2dbc-mssql.version: 1.0.2.RELEASE
[DEBUG] r2dbc-mysql.version: 1.1.3
[DEBUG] r2dbc-pool.version: 1.0.1.RELEASE
[DEBUG] r2dbc-postgresql.version: 1.0.5.RELEASE
[DEBUG] r2dbc-proxy.version: 1.1.5.RELEASE
[DEBUG] r2dbc-spi.version: 1.0.0.RELEASE
[DEBUG] rabbit-amqp-client.version: 5.21.0
[DEBUG] rabbit-stream-client.version: 0.15.0
[DEBUG] reactive-streams.version: 1.0.4
[DEBUG] reactor-bom.version: 2023.0.9
[DEBUG] resource.delimiter: @
[DEBUG] rest-assured.version: 5.4.0
[DEBUG] rsocket.version: 1.1.3
[DEBUG] rxjava3.version: 3.1.9
[DEBUG] saaj-impl.version: 3.0.4
[DEBUG] selenium-htmlunit.version: 4.13.0
[DEBUG] selenium.version: 4.19.1
[DEBUG] sendgrid.version: 4.10.2
[DEBUG] slf4j.version: 2.0.16
[DEBUG] snakeyaml.version: 2.2
[DEBUG] spring-amqp.version: 3.1.7
[DEBUG] spring-authorization-server.version: 1.3.2
[DEBUG] spring-batch.version: 5.1.2
[DEBUG] spring-boot.run.main-class: ${start-class}
[DEBUG] spring-data-bom.version: 2024.0.3
[DEBUG] spring-framework.version: 6.1.12
[DEBUG] spring-graphql.version: 1.3.2
[DEBUG] spring-hateoas.version: 2.3.2
[DEBUG] spring-integration.version: 6.3.3
[DEBUG] spring-kafka.version: 3.2.3
[DEBUG] spring-ldap.version: 3.2.6
[DEBUG] spring-pulsar.version: 1.1.3
[DEBUG] spring-restdocs.version: 3.0.1
[DEBUG] spring-retry.version: 2.0.8
[DEBUG] spring-security.version: 6.3.3
[DEBUG] spring-session.version: 3.3.2
[DEBUG] spring-ws.version: 4.0.11
[DEBUG] sqlite-jdbc.version: 3.45.3.0
[DEBUG] sun.arch.data.model: 64
[DEBUG] sun.boot.library.path: /usr/lib/jvm/java-17-openjdk-amd64/lib
[DEBUG] sun.cpu.endian: little
[DEBUG] sun.io.unicode.encoding: UnicodeLittle
[DEBUG] sun.java.command: org.codehaus.plexus.classworlds.launcher.Launcher spring-boot:run -X
[DEBUG] sun.java.launcher: SUN_STANDARD
[DEBUG] sun.jnu.encoding: UTF-8
[DEBUG] sun.management.compiler: HotSpot 64-Bit Tiered Compilers
[DEBUG] testcontainers.version: 1.19.8
[DEBUG] thymeleaf-extras-data-attribute.version: 2.0.1
[DEBUG] thymeleaf-extras-springsecurity.version: 3.1.2.RELEASE
[DEBUG] thymeleaf-layout-dialect.version: 3.3.0
[DEBUG] thymeleaf.version: 3.1.2.RELEASE
[DEBUG] tomcat.version: 10.1.28
[DEBUG] unboundid-ldapsdk.version: 6.0.11
[DEBUG] undertow.version: 2.3.13.Final
[DEBUG] user.country: US
[DEBUG] user.dir: /home/bdouirat/Desktop/01Blog
[DEBUG] user.home: /home/bdouirat
[DEBUG] user.language: en
[DEBUG] user.name: bdouirat
[DEBUG] versions-maven-plugin.version: 2.16.2
[DEBUG] webjars-locator-core.version: 0.58
[DEBUG] wsdl4j.version: 1.6.3
[DEBUG] xml-maven-plugin.version: 1.1.0
[DEBUG] xmlunit2.version: 2.9.1
[DEBUG] yasson.version: 3.0.4
[DEBUG] zipkin-reporter.version: 3.4.0
[DEBUG] Using 'UTF-8' encoding to copy filtered resources.
[DEBUG] Using 'UTF-8' encoding to copy filtered properties files.
[DEBUG] resource with targetPath null
directory /home/bdouirat/Desktop/01Blog/src/test/resources
excludes []
includes []
[INFO] skip non existing resourceDirectory /home/bdouirat/Desktop/01Blog/src/test/resources
[DEBUG] no user filter components
[INFO] 
[INFO] --- compiler:3.11.0:testCompile (default-testCompile) @ backend ---
[DEBUG] Loading mojo org.apache.maven.plugins:maven-compiler-plugin:3.11.0:testCompile from plugin realm ClassRealm[plugin>org.apache.maven.plugins:maven-compiler-plugin:3.11.0, parent: jdk.internal.loader.ClassLoaders$AppClassLoader@30946e09]
[DEBUG] Configuring mojo execution 'org.apache.maven.plugins:maven-compiler-plugin:3.11.0:testCompile:default-testCompile' with basic configurator -->
[DEBUG]   (f) basedir = /home/bdouirat/Desktop/01Blog
[DEBUG]   (f) buildDirectory = /home/bdouirat/Desktop/01Blog/target
[DEBUG]   (f) compileSourceRoots = [/home/bdouirat/Desktop/01Blog/src/test/java]
[DEBUG]   (f) compilerId = javac
[DEBUG]   (f) createMissingPackageInfoClass = true
[DEBUG]   (f) debug = true
[DEBUG]   (f) debugFileName = javac-test
[DEBUG]   (f) enablePreview = false
[DEBUG]   (f) encoding = UTF-8
[DEBUG]   (f) failOnError = true
[DEBUG]   (f) failOnWarning = false
[DEBUG]   (f) forceJavacCompilerUse = false
[DEBUG]   (f) fork = false
[DEBUG]   (f) generatedTestSourcesDirectory = /home/bdouirat/Desktop/01Blog/target/generated-test-sources/test-annotations
[DEBUG]   (f) mojoExecution = org.apache.maven.plugins:maven-compiler-plugin:3.11.0:testCompile {execution: default-testCompile}
[DEBUG]   (f) optimize = false
[DEBUG]   (f) outputDirectory = /home/bdouirat/Desktop/01Blog/target/test-classes
[DEBUG]   (f) parameters = true
[DEBUG]   (f) project = MavenProject: com.blog:backend:0.0.1-SNAPSHOT @ /home/bdouirat/Desktop/01Blog/pom.xml
[DEBUG]   (s) release = 17
[DEBUG]   (f) session = org.apache.maven.execution.MavenSession@5555ffcf
[DEBUG]   (f) showCompilationChanges = false
[DEBUG]   (f) showDeprecation = false
[DEBUG]   (f) showWarnings = true
[DEBUG]   (f) skipMultiThreadWarning = false
[DEBUG]   (f) source = 1.8
[DEBUG]   (f) staleMillis = 0
[DEBUG]   (s) target = 1.8
[DEBUG]   (f) testPath = [/home/bdouirat/Desktop/01Blog/target/test-classes, /home/bdouirat/Desktop/01Blog/target/classes, /home/bdouirat/.m2/repository/org/springframework/boot/spring-boot-starter-web/3.3.3/spring-boot-starter-web-3.3.3.jar, /home/bdouirat/.m2/repository/org/springframework/boot/spring-boot-starter/3.3.3/spring-boot-starter-3.3.3.jar, /home/bdouirat/.m2/repository/org/springframework/boot/spring-boot/3.3.3/spring-boot-3.3.3.jar, /home/bdouirat/.m2/repository/org/springframework/boot/spring-boot-autoconfigure/3.3.3/spring-boot-autoconfigure-3.3.3.jar, /home/bdouirat/.m2/repository/org/springframework/boot/spring-boot-starter-logging/3.3.3/spring-boot-starter-logging-3.3.3.jar, /home/bdouirat/.m2/repository/ch/qos/logback/logback-classic/1.5.7/logback-classic-1.5.7.jar, /home/bdouirat/.m2/repository/ch/qos/logback/logback-core/1.5.7/logback-core-1.5.7.jar, /home/bdouirat/.m2/repository/org/apache/logging/log4j/log4j-to-slf4j/2.23.1/log4j-to-slf4j-2.23.1.jar, /home/bdouirat/.m2/repository/org/apache/logging/log4j/log4j-api/2.23.1/log4j-api-2.23.1.jar, /home/bdouirat/.m2/repository/org/slf4j/jul-to-slf4j/2.0.16/jul-to-slf4j-2.0.16.jar, /home/bdouirat/.m2/repository/jakarta/annotation/jakarta.annotation-api/2.1.1/jakarta.annotation-api-2.1.1.jar, /home/bdouirat/.m2/repository/org/yaml/snakeyaml/2.2/snakeyaml-2.2.jar, /home/bdouirat/.m2/repository/org/springframework/boot/spring-boot-starter-json/3.3.3/spring-boot-starter-json-3.3.3.jar, /home/bdouirat/.m2/repository/com/fasterxml/jackson/datatype/jackson-datatype-jdk8/2.17.2/jackson-datatype-jdk8-2.17.2.jar, /home/bdouirat/.m2/repository/com/fasterxml/jackson/datatype/jackson-datatype-jsr310/2.17.2/jackson-datatype-jsr310-2.17.2.jar, /home/bdouirat/.m2/repository/com/fasterxml/jackson/module/jackson-module-parameter-names/2.17.2/jackson-module-parameter-names-2.17.2.jar, /home/bdouirat/.m2/repository/org/springframework/boot/spring-boot-starter-tomcat/3.3.3/spring-boot-starter-tomcat-3.3.3.jar, /home/bdouirat/.m2/repository/org/apache/tomcat/embed/tomcat-embed-core/10.1.28/tomcat-embed-core-10.1.28.jar, /home/bdouirat/.m2/repository/org/apache/tomcat/embed/tomcat-embed-el/10.1.28/tomcat-embed-el-10.1.28.jar, /home/bdouirat/.m2/repository/org/apache/tomcat/embed/tomcat-embed-websocket/10.1.28/tomcat-embed-websocket-10.1.28.jar, /home/bdouirat/.m2/repository/org/springframework/spring-web/6.1.12/spring-web-6.1.12.jar, /home/bdouirat/.m2/repository/org/springframework/spring-beans/6.1.12/spring-beans-6.1.12.jar, /home/bdouirat/.m2/repository/io/micrometer/micrometer-observation/1.13.3/micrometer-observation-1.13.3.jar, /home/bdouirat/.m2/repository/io/micrometer/micrometer-commons/1.13.3/micrometer-commons-1.13.3.jar, /home/bdouirat/.m2/repository/org/springframework/spring-webmvc/6.1.12/spring-webmvc-6.1.12.jar, /home/bdouirat/.m2/repository/org/springframework/spring-context/6.1.12/spring-context-6.1.12.jar, /home/bdouirat/.m2/repository/org/springframework/spring-expression/6.1.12/spring-expression-6.1.12.jar, /home/bdouirat/.m2/repository/org/springframework/boot/spring-boot-starter-data-jpa/3.3.3/spring-boot-starter-data-jpa-3.3.3.jar, /home/bdouirat/.m2/repository/org/springframework/boot/spring-boot-starter-aop/3.3.3/spring-boot-starter-aop-3.3.3.jar, /home/bdouirat/.m2/repository/org/aspectj/aspectjweaver/1.9.22.1/aspectjweaver-1.9.22.1.jar, /home/bdouirat/.m2/repository/org/springframework/boot/spring-boot-starter-jdbc/3.3.3/spring-boot-starter-jdbc-3.3.3.jar, /home/bdouirat/.m2/repository/com/zaxxer/HikariCP/5.1.0/HikariCP-5.1.0.jar, /home/bdouirat/.m2/repository/org/springframework/spring-jdbc/6.1.12/spring-jdbc-6.1.12.jar, /home/bdouirat/.m2/repository/org/hibernate/orm/hibernate-core/6.5.2.Final/hibernate-core-6.5.2.Final.jar, /home/bdouirat/.m2/repository/jakarta/persistence/jakarta.persistence-api/3.1.0/jakarta.persistence-api-3.1.0.jar, /home/bdouirat/.m2/repository/jakarta/transaction/jakarta.transaction-api/2.0.1/jakarta.transaction-api-2.0.1.jar, /home/bdouirat/.m2/repository/org/jboss/logging/jboss-logging/3.5.3.Final/jboss-logging-3.5.3.Final.jar, /home/bdouirat/.m2/repository/org/hibernate/common/hibernate-commons-annotations/6.0.6.Final/hibernate-commons-annotations-6.0.6.Final.jar, /home/bdouirat/.m2/repository/io/smallrye/jandex/3.1.2/jandex-3.1.2.jar, /home/bdouirat/.m2/repository/com/fasterxml/classmate/1.7.0/classmate-1.7.0.jar, /home/bdouirat/.m2/repository/net/bytebuddy/byte-buddy/1.14.19/byte-buddy-1.14.19.jar, /home/bdouirat/.m2/repository/org/glassfish/jaxb/jaxb-runtime/4.0.5/jaxb-runtime-4.0.5.jar, /home/bdouirat/.m2/repository/org/glassfish/jaxb/jaxb-core/4.0.5/jaxb-core-4.0.5.jar, /home/bdouirat/.m2/repository/org/eclipse/angus/angus-activation/2.0.2/angus-activation-2.0.2.jar, /home/bdouirat/.m2/repository/org/glassfish/jaxb/txw2/4.0.5/txw2-4.0.5.jar, /home/bdouirat/.m2/repository/com/sun/istack/istack-commons-runtime/4.1.2/istack-commons-runtime-4.1.2.jar, /home/bdouirat/.m2/repository/jakarta/inject/jakarta.inject-api/2.0.1/jakarta.inject-api-2.0.1.jar, /home/bdouirat/.m2/repository/org/antlr/antlr4-runtime/4.13.0/antlr4-runtime-4.13.0.jar, /home/bdouirat/.m2/repository/org/springframework/data/spring-data-jpa/3.3.3/spring-data-jpa-3.3.3.jar, /home/bdouirat/.m2/repository/org/springframework/data/spring-data-commons/3.3.3/spring-data-commons-3.3.3.jar, /home/bdouirat/.m2/repository/org/springframework/spring-orm/6.1.12/spring-orm-6.1.12.jar, /home/bdouirat/.m2/repository/org/springframework/spring-tx/6.1.12/spring-tx-6.1.12.jar, /home/bdouirat/.m2/repository/org/springframework/spring-aspects/6.1.12/spring-aspects-6.1.12.jar, /home/bdouirat/.m2/repository/org/springframework/boot/spring-boot-starter-security/3.3.3/spring-boot-starter-security-3.3.3.jar, /home/bdouirat/.m2/repository/org/springframework/spring-aop/6.1.12/spring-aop-6.1.12.jar, /home/bdouirat/.m2/repository/org/springframework/security/spring-security-config/6.3.3/spring-security-config-6.3.3.jar, /home/bdouirat/.m2/repository/org/springframework/security/spring-security-core/6.3.3/spring-security-core-6.3.3.jar, /home/bdouirat/.m2/repository/org/springframework/security/spring-security-crypto/6.3.3/spring-security-crypto-6.3.3.jar, /home/bdouirat/.m2/repository/org/springframework/security/spring-security-web/6.3.3/spring-security-web-6.3.3.jar, /home/bdouirat/.m2/repository/io/jsonwebtoken/jjwt-api/0.11.5/jjwt-api-0.11.5.jar, /home/bdouirat/.m2/repository/io/jsonwebtoken/jjwt-impl/0.11.5/jjwt-impl-0.11.5.jar, /home/bdouirat/.m2/repository/io/jsonwebtoken/jjwt-jackson/0.11.5/jjwt-jackson-0.11.5.jar, /home/bdouirat/.m2/repository/com/fasterxml/jackson/core/jackson-databind/2.17.2/jackson-databind-2.17.2.jar, /home/bdouirat/.m2/repository/com/fasterxml/jackson/core/jackson-annotations/2.17.2/jackson-annotations-2.17.2.jar, /home/bdouirat/.m2/repository/com/fasterxml/jackson/core/jackson-core/2.17.2/jackson-core-2.17.2.jar, /home/bdouirat/.m2/repository/org/xerial/sqlite-jdbc/3.46.0.0/sqlite-jdbc-3.46.0.0.jar, /home/bdouirat/.m2/repository/org/slf4j/slf4j-api/2.0.16/slf4j-api-2.0.16.jar, /home/bdouirat/.m2/repository/org/projectlombok/lombok/1.18.34/lombok-1.18.34.jar, /home/bdouirat/.m2/repository/org/springframework/boot/spring-boot-starter-test/3.3.3/spring-boot-starter-test-3.3.3.jar, /home/bdouirat/.m2/repository/org/springframework/boot/spring-boot-test/3.3.3/spring-boot-test-3.3.3.jar, /home/bdouirat/.m2/repository/org/springframework/boot/spring-boot-test-autoconfigure/3.3.3/spring-boot-test-autoconfigure-3.3.3.jar, /home/bdouirat/.m2/repository/com/jayway/jsonpath/json-path/2.9.0/json-path-2.9.0.jar, /home/bdouirat/.m2/repository/jakarta/xml/bind/jakarta.xml.bind-api/4.0.2/jakarta.xml.bind-api-4.0.2.jar, /home/bdouirat/.m2/repository/jakarta/activation/jakarta.activation-api/2.1.3/jakarta.activation-api-2.1.3.jar, /home/bdouirat/.m2/repository/net/minidev/json-smart/2.5.1/json-smart-2.5.1.jar, /home/bdouirat/.m2/repository/net/minidev/accessors-smart/2.5.1/accessors-smart-2.5.1.jar, /home/bdouirat/.m2/repository/org/ow2/asm/asm/9.6/asm-9.6.jar, /home/bdouirat/.m2/repository/org/assertj/assertj-core/3.25.3/assertj-core-3.25.3.jar, /home/bdouirat/.m2/repository/org/awaitility/awaitility/4.2.2/awaitility-4.2.2.jar, /home/bdouirat/.m2/repository/org/hamcrest/hamcrest/2.2/hamcrest-2.2.jar, /home/bdouirat/.m2/repository/org/junit/jupiter/junit-jupiter/5.10.3/junit-jupiter-5.10.3.jar, /home/bdouirat/.m2/repository/org/junit/jupiter/junit-jupiter-api/5.10.3/junit-jupiter-api-5.10.3.jar, /home/bdouirat/.m2/repository/org/opentest4j/opentest4j/1.3.0/opentest4j-1.3.0.jar, /home/bdouirat/.m2/repository/org/junit/platform/junit-platform-commons/1.10.3/junit-platform-commons-1.10.3.jar, /home/bdouirat/.m2/repository/org/apiguardian/apiguardian-api/1.1.2/apiguardian-api-1.1.2.jar, /home/bdouirat/.m2/repository/org/junit/jupiter/junit-jupiter-params/5.10.3/junit-jupiter-params-5.10.3.jar, /home/bdouirat/.m2/repository/org/junit/jupiter/junit-jupiter-engine/5.10.3/junit-jupiter-engine-5.10.3.jar, /home/bdouirat/.m2/repository/org/junit/platform/junit-platform-engine/1.10.3/junit-platform-engine-1.10.3.jar, /home/bdouirat/.m2/repository/org/mockito/mockito-core/5.11.0/mockito-core-5.11.0.jar, /home/bdouirat/.m2/repository/net/bytebuddy/byte-buddy-agent/1.14.19/byte-buddy-agent-1.14.19.jar, /home/bdouirat/.m2/repository/org/objenesis/objenesis/3.3/objenesis-3.3.jar, /home/bdouirat/.m2/repository/org/mockito/mockito-junit-jupiter/5.11.0/mockito-junit-jupiter-5.11.0.jar, /home/bdouirat/.m2/repository/org/skyscreamer/jsonassert/1.5.3/jsonassert-1.5.3.jar, /home/bdouirat/.m2/repository/com/vaadin/external/google/android-json/0.0.20131108.vaadin1/android-json-0.0.20131108.vaadin1.jar, /home/bdouirat/.m2/repository/org/springframework/spring-core/6.1.12/spring-core-6.1.12.jar, /home/bdouirat/.m2/repository/org/springframework/spring-jcl/6.1.12/spring-jcl-6.1.12.jar, /home/bdouirat/.m2/repository/org/springframework/spring-test/6.1.12/spring-test-6.1.12.jar, /home/bdouirat/.m2/repository/org/xmlunit/xmlunit-core/2.9.1/xmlunit-core-2.9.1.jar]
[DEBUG]   (f) useIncrementalCompilation = true
[DEBUG]   (f) useModulePath = true
[DEBUG]   (f) verbose = false
[DEBUG] -- end configuration --
[DEBUG] Using compiler 'javac'.
[DEBUG] Adding /home/bdouirat/Desktop/01Blog/target/generated-test-sources/test-annotations to test-compile source roots:
  /home/bdouirat/Desktop/01Blog/src/test/java
[DEBUG] New test-compile source roots:
  /home/bdouirat/Desktop/01Blog/src/test/java
  /home/bdouirat/Desktop/01Blog/target/generated-test-sources/test-annotations
[DEBUG] CompilerReuseStrategy: reuseCreated
[DEBUG] useIncrementalCompilation enabled
[INFO] Nothing to compile - all classes are up to date
[INFO] 
[INFO] <<< spring-boot:3.3.3:run (default-cli) < test-compile @ backend <<<
[INFO] 
[INFO] 
[INFO] --- spring-boot:3.3.3:run (default-cli) @ backend ---
[DEBUG] Dependency collection stats {ConflictMarker.analyzeTime=74268, ConflictMarker.markTime=33954, ConflictMarker.nodeCount=56, ConflictIdSorter.graphTime=59362, ConflictIdSorter.topsortTime=23805, ConflictIdSorter.conflictIdCount=39, ConflictIdSorter.conflictIdCycleCount=0, ConflictResolver.totalTime=527776, ConflictResolver.conflictItemCount=55, DfDependencyCollector.collectTime=42850461, DfDependencyCollector.transformTime=740414}
[DEBUG] org.springframework.boot:spring-boot-maven-plugin:jar:3.3.3
[DEBUG]    org.springframework.boot:spring-boot-buildpack-platform:jar:3.3.3:runtime
[DEBUG]       com.fasterxml.jackson.core:jackson-databind:jar:2.14.2:runtime
[DEBUG]          com.fasterxml.jackson.core:jackson-annotations:jar:2.14.2:runtime
[DEBUG]          com.fasterxml.jackson.core:jackson-core:jar:2.14.2:runtime
[DEBUG]       com.fasterxml.jackson.module:jackson-module-parameter-names:jar:2.14.2:runtime
[DEBUG]       net.java.dev.jna:jna-platform:jar:5.13.0:runtime
[DEBUG]          net.java.dev.jna:jna:jar:5.13.0:runtime
[DEBUG]       org.apache.commons:commons-compress:jar:1.25.0:runtime
[DEBUG]       org.apache.httpcomponents.client5:httpclient5:jar:5.3.1:runtime
[DEBUG]          org.apache.httpcomponents.core5:httpcore5:jar:5.2.4:runtime
[DEBUG]          org.apache.httpcomponents.core5:httpcore5-h2:jar:5.2.4:runtime
[DEBUG]       org.tomlj:tomlj:jar:1.0.0:runtime
[DEBUG]          org.antlr:antlr4-runtime:jar:4.7.2:runtime
[DEBUG]          com.google.code.findbugs:jsr305:jar:3.0.2:runtime
[DEBUG]    org.springframework.boot:spring-boot-loader-tools:jar:3.3.3:runtime
[DEBUG]    org.apache.maven.shared:maven-common-artifact-filters:jar:3.3.2:runtime
[DEBUG]       org.slf4j:slf4j-api:jar:1.7.36:compile
[DEBUG]    org.sonatype.plexus:plexus-build-api:jar:0.0.7:runtime
[DEBUG]    org.springframework:spring-core:jar:6.1.12:runtime
[DEBUG]       org.springframework:spring-jcl:jar:6.1.12:runtime
[DEBUG]    org.springframework:spring-context:jar:6.1.12:runtime
[DEBUG]       org.springframework:spring-aop:jar:6.1.12:runtime
[DEBUG]       org.springframework:spring-beans:jar:6.1.12:runtime
[DEBUG]       org.springframework:spring-expression:jar:6.1.12:runtime
[DEBUG]       io.micrometer:micrometer-observation:jar:1.12.9:runtime
[DEBUG]          io.micrometer:micrometer-commons:jar:1.12.9:runtime
[DEBUG]    org.apache.maven.plugins:maven-shade-plugin:jar:3.5.0:compile (optional)
[DEBUG]       org.codehaus.plexus:plexus-utils:jar:3.5.1:compile (optional)
[DEBUG]       org.ow2.asm:asm:jar:9.5:compile (optional)
[DEBUG]       org.ow2.asm:asm-commons:jar:9.5:compile (optional)
[DEBUG]          org.ow2.asm:asm-tree:jar:9.5:compile (optional)
[DEBUG]       org.jdom:jdom2:jar:2.0.6.1:compile (optional)
[DEBUG]       org.apache.maven.shared:maven-dependency-tree:jar:3.2.1:compile (optional)
[DEBUG]          org.eclipse.aether:aether-util:jar:1.0.0.v20140518:compile (optional)
[DEBUG]             org.eclipse.aether:aether-api:jar:1.0.0.v20140518:compile (optional)
[DEBUG]       commons-io:commons-io:jar:2.13.0:compile (optional)
[DEBUG]       org.vafer:jdependency:jar:2.8.0:compile (optional)
[DEBUG]       org.apache.commons:commons-collections4:jar:4.4:compile (optional)
[DEBUG] Created new class realm plugin>org.springframework.boot:spring-boot-maven-plugin:3.3.3
[DEBUG] Importing foreign packages into class realm plugin>org.springframework.boot:spring-boot-maven-plugin:3.3.3
[DEBUG]   Imported:  < maven.api
[DEBUG] Populating class realm plugin>org.springframework.boot:spring-boot-maven-plugin:3.3.3
[DEBUG]   Included: org.springframework.boot:spring-boot-maven-plugin:jar:3.3.3
[DEBUG]   Included: org.springframework.boot:spring-boot-buildpack-platform:jar:3.3.3
[DEBUG]   Included: com.fasterxml.jackson.core:jackson-databind:jar:2.14.2
[DEBUG]   Included: com.fasterxml.jackson.core:jackson-annotations:jar:2.14.2
[DEBUG]   Included: com.fasterxml.jackson.core:jackson-core:jar:2.14.2
[DEBUG]   Included: com.fasterxml.jackson.module:jackson-module-parameter-names:jar:2.14.2
[DEBUG]   Included: net.java.dev.jna:jna-platform:jar:5.13.0
[DEBUG]   Included: net.java.dev.jna:jna:jar:5.13.0
[DEBUG]   Included: org.apache.commons:commons-compress:jar:1.25.0
[DEBUG]   Included: org.apache.httpcomponents.client5:httpclient5:jar:5.3.1
[DEBUG]   Included: org.apache.httpcomponents.core5:httpcore5:jar:5.2.4
[DEBUG]   Included: org.apache.httpcomponents.core5:httpcore5-h2:jar:5.2.4
[DEBUG]   Included: org.tomlj:tomlj:jar:1.0.0
[DEBUG]   Included: org.antlr:antlr4-runtime:jar:4.7.2
[DEBUG]   Included: com.google.code.findbugs:jsr305:jar:3.0.2
[DEBUG]   Included: org.springframework.boot:spring-boot-loader-tools:jar:3.3.3
[DEBUG]   Included: org.apache.maven.shared:maven-common-artifact-filters:jar:3.3.2
[DEBUG]   Included: org.sonatype.plexus:plexus-build-api:jar:0.0.7
[DEBUG]   Included: org.springframework:spring-core:jar:6.1.12
[DEBUG]   Included: org.springframework:spring-jcl:jar:6.1.12
[DEBUG]   Included: org.springframework:spring-context:jar:6.1.12
[DEBUG]   Included: org.springframework:spring-aop:jar:6.1.12
[DEBUG]   Included: org.springframework:spring-beans:jar:6.1.12
[DEBUG]   Included: org.springframework:spring-expression:jar:6.1.12
[DEBUG]   Included: io.micrometer:micrometer-observation:jar:1.12.9
[DEBUG]   Included: io.micrometer:micrometer-commons:jar:1.12.9
[DEBUG]   Included: org.apache.maven.plugins:maven-shade-plugin:jar:3.5.0
[DEBUG]   Included: org.codehaus.plexus:plexus-utils:jar:3.5.1
[DEBUG]   Included: org.ow2.asm:asm:jar:9.5
[DEBUG]   Included: org.ow2.asm:asm-commons:jar:9.5
[DEBUG]   Included: org.ow2.asm:asm-tree:jar:9.5
[DEBUG]   Included: org.jdom:jdom2:jar:2.0.6.1
[DEBUG]   Included: org.apache.maven.shared:maven-dependency-tree:jar:3.2.1
[DEBUG]   Included: commons-io:commons-io:jar:2.13.0
[DEBUG]   Included: org.vafer:jdependency:jar:2.8.0
[DEBUG]   Included: org.apache.commons:commons-collections4:jar:4.4
[DEBUG] Loading mojo org.springframework.boot:spring-boot-maven-plugin:3.3.3:run from plugin realm ClassRealm[plugin>org.springframework.boot:spring-boot-maven-plugin:3.3.3, parent: jdk.internal.loader.ClassLoaders$AppClassLoader@30946e09]
[DEBUG] Configuring mojo execution 'org.springframework.boot:spring-boot-maven-plugin:3.3.3:run:default-cli' with basic configurator -->
[DEBUG]   (f) addResources = false
[DEBUG]   (f) additionalClasspathElements = []
[DEBUG]   (f) agents = []
[DEBUG]   (f) classesDirectory = /home/bdouirat/Desktop/01Blog/target/classes
[DEBUG]   (f) directories = []
[DEBUG]   (f) excludes = []
[DEBUG]   (f) includes = []
[DEBUG]   (f) optimizedLaunch = true
[DEBUG]   (f) profiles = []
[DEBUG]   (f) project = MavenProject: com.blog:backend:0.0.1-SNAPSHOT @ /home/bdouirat/Desktop/01Blog/pom.xml
[DEBUG]   (f) session = org.apache.maven.execution.MavenSession@5555ffcf
[DEBUG]   (f) skip = false
[DEBUG]   (f) useTestClasspath = false
[DEBUG] -- end configuration --
[INFO] Attaching agents: []
[DEBUG] JVM argument: -XX:TieredStopAtLevel=1
[DEBUG] Classpath for forked process: /home/bdouirat/Desktop/01Blog/target/classes:/home/bdouirat/.m2/repository/org/springframework/boot/spring-boot/3.3.3/spring-boot-3.3.3.jar:/home/bdouirat/.m2/repository/org/springframework/boot/spring-boot-autoconfigure/3.3.3/spring-boot-autoconfigure-3.3.3.jar:/home/bdouirat/.m2/repository/ch/qos/logback/logback-classic/1.5.7/logback-classic-1.5.7.jar:/home/bdouirat/.m2/repository/ch/qos/logback/logback-core/1.5.7/logback-core-1.5.7.jar:/home/bdouirat/.m2/repository/org/apache/logging/log4j/log4j-to-slf4j/2.23.1/log4j-to-slf4j-2.23.1.jar:/home/bdouirat/.m2/repository/org/apache/logging/log4j/log4j-api/2.23.1/log4j-api-2.23.1.jar:/home/bdouirat/.m2/repository/org/slf4j/jul-to-slf4j/2.0.16/jul-to-slf4j-2.0.16.jar:/home/bdouirat/.m2/repository/jakarta/annotation/jakarta.annotation-api/2.1.1/jakarta.annotation-api-2.1.1.jar:/home/bdouirat/.m2/repository/org/yaml/snakeyaml/2.2/snakeyaml-2.2.jar:/home/bdouirat/.m2/repository/com/fasterxml/jackson/datatype/jackson-datatype-jdk8/2.17.2/jackson-datatype-jdk8-2.17.2.jar:/home/bdouirat/.m2/repository/com/fasterxml/jackson/datatype/jackson-datatype-jsr310/2.17.2/jackson-datatype-jsr310-2.17.2.jar:/home/bdouirat/.m2/repository/com/fasterxml/jackson/module/jackson-module-parameter-names/2.17.2/jackson-module-parameter-names-2.17.2.jar:/home/bdouirat/.m2/repository/org/apache/tomcat/embed/tomcat-embed-core/10.1.28/tomcat-embed-core-10.1.28.jar:/home/bdouirat/.m2/repository/org/apache/tomcat/embed/tomcat-embed-el/10.1.28/tomcat-embed-el-10.1.28.jar:/home/bdouirat/.m2/repository/org/apache/tomcat/embed/tomcat-embed-websocket/10.1.28/tomcat-embed-websocket-10.1.28.jar:/home/bdouirat/.m2/repository/org/springframework/spring-web/6.1.12/spring-web-6.1.12.jar:/home/bdouirat/.m2/repository/org/springframework/spring-beans/6.1.12/spring-beans-6.1.12.jar:/home/bdouirat/.m2/repository/io/micrometer/micrometer-observation/1.13.3/micrometer-observation-1.13.3.jar:/home/bdouirat/.m2/repository/io/micrometer/micrometer-commons/1.13.3/micrometer-commons-1.13.3.jar:/home/bdouirat/.m2/repository/org/springframework/spring-webmvc/6.1.12/spring-webmvc-6.1.12.jar:/home/bdouirat/.m2/repository/org/springframework/spring-context/6.1.12/spring-context-6.1.12.jar:/home/bdouirat/.m2/repository/org/springframework/spring-expression/6.1.12/spring-expression-6.1.12.jar:/home/bdouirat/.m2/repository/org/aspectj/aspectjweaver/1.9.22.1/aspectjweaver-1.9.22.1.jar:/home/bdouirat/.m2/repository/com/zaxxer/HikariCP/5.1.0/HikariCP-5.1.0.jar:/home/bdouirat/.m2/repository/org/springframework/spring-jdbc/6.1.12/spring-jdbc-6.1.12.jar:/home/bdouirat/.m2/repository/org/hibernate/orm/hibernate-core/6.5.2.Final/hibernate-core-6.5.2.Final.jar:/home/bdouirat/.m2/repository/jakarta/persistence/jakarta.persistence-api/3.1.0/jakarta.persistence-api-3.1.0.jar:/home/bdouirat/.m2/repository/jakarta/transaction/jakarta.transaction-api/2.0.1/jakarta.transaction-api-2.0.1.jar:/home/bdouirat/.m2/repository/org/jboss/logging/jboss-logging/3.5.3.Final/jboss-logging-3.5.3.Final.jar:/home/bdouirat/.m2/repository/org/hibernate/common/hibernate-commons-annotations/6.0.6.Final/hibernate-commons-annotations-6.0.6.Final.jar:/home/bdouirat/.m2/repository/io/smallrye/jandex/3.1.2/jandex-3.1.2.jar:/home/bdouirat/.m2/repository/com/fasterxml/classmate/1.7.0/classmate-1.7.0.jar:/home/bdouirat/.m2/repository/net/bytebuddy/byte-buddy/1.14.19/byte-buddy-1.14.19.jar:/home/bdouirat/.m2/repository/org/glassfish/jaxb/jaxb-runtime/4.0.5/jaxb-runtime-4.0.5.jar:/home/bdouirat/.m2/repository/org/glassfish/jaxb/jaxb-core/4.0.5/jaxb-core-4.0.5.jar:/home/bdouirat/.m2/repository/org/eclipse/angus/angus-activation/2.0.2/angus-activation-2.0.2.jar:/home/bdouirat/.m2/repository/org/glassfish/jaxb/txw2/4.0.5/txw2-4.0.5.jar:/home/bdouirat/.m2/repository/com/sun/istack/istack-commons-runtime/4.1.2/istack-commons-runtime-4.1.2.jar:/home/bdouirat/.m2/repository/jakarta/inject/jakarta.inject-api/2.0.1/jakarta.inject-api-2.0.1.jar:/home/bdouirat/.m2/repository/org/antlr/antlr4-runtime/4.13.0/antlr4-runtime-4.13.0.jar:/home/bdouirat/.m2/repository/org/springframework/data/spring-data-jpa/3.3.3/spring-data-jpa-3.3.3.jar:/home/bdouirat/.m2/repository/org/springframework/data/spring-data-commons/3.3.3/spring-data-commons-3.3.3.jar:/home/bdouirat/.m2/repository/org/springframework/spring-orm/6.1.12/spring-orm-6.1.12.jar:/home/bdouirat/.m2/repository/org/springframework/spring-tx/6.1.12/spring-tx-6.1.12.jar:/home/bdouirat/.m2/repository/org/springframework/spring-aspects/6.1.12/spring-aspects-6.1.12.jar:/home/bdouirat/.m2/repository/org/springframework/spring-aop/6.1.12/spring-aop-6.1.12.jar:/home/bdouirat/.m2/repository/org/springframework/security/spring-security-config/6.3.3/spring-security-config-6.3.3.jar:/home/bdouirat/.m2/repository/org/springframework/security/spring-security-core/6.3.3/spring-security-core-6.3.3.jar:/home/bdouirat/.m2/repository/org/springframework/security/spring-security-crypto/6.3.3/spring-security-crypto-6.3.3.jar:/home/bdouirat/.m2/repository/org/springframework/security/spring-security-web/6.3.3/spring-security-web-6.3.3.jar:/home/bdouirat/.m2/repository/io/jsonwebtoken/jjwt-api/0.11.5/jjwt-api-0.11.5.jar:/home/bdouirat/.m2/repository/io/jsonwebtoken/jjwt-impl/0.11.5/jjwt-impl-0.11.5.jar:/home/bdouirat/.m2/repository/io/jsonwebtoken/jjwt-jackson/0.11.5/jjwt-jackson-0.11.5.jar:/home/bdouirat/.m2/repository/com/fasterxml/jackson/core/jackson-databind/2.17.2/jackson-databind-2.17.2.jar:/home/bdouirat/.m2/repository/com/fasterxml/jackson/core/jackson-annotations/2.17.2/jackson-annotations-2.17.2.jar:/home/bdouirat/.m2/repository/com/fasterxml/jackson/core/jackson-core/2.17.2/jackson-core-2.17.2.jar:/home/bdouirat/.m2/repository/org/xerial/sqlite-jdbc/3.46.0.0/sqlite-jdbc-3.46.0.0.jar:/home/bdouirat/.m2/repository/org/slf4j/slf4j-api/2.0.16/slf4j-api-2.0.16.jar:/home/bdouirat/.m2/repository/org/projectlombok/lombok/1.18.34/lombok-1.18.34.jar:/home/bdouirat/.m2/repository/jakarta/xml/bind/jakarta.xml.bind-api/4.0.2/jakarta.xml.bind-api-4.0.2.jar:/home/bdouirat/.m2/repository/jakarta/activation/jakarta.activation-api/2.1.3/jakarta.activation-api-2.1.3.jar:/home/bdouirat/.m2/repository/org/springframework/spring-core/6.1.12/spring-core-6.1.12.jar:/home/bdouirat/.m2/repository/org/springframework/spring-jcl/6.1.12/spring-jcl-6.1.12.jar
[DEBUG] Application arguments: 
[DEBUG] Working directory: /home/bdouirat/Desktop/01Blog
[DEBUG] Java arguments: -XX:TieredStopAtLevel=1 -cp /home/bdouirat/Desktop/01Blog/target/classes:/home/bdouirat/.m2/repository/org/springframework/boot/spring-boot/3.3.3/spring-boot-3.3.3.jar:/home/bdouirat/.m2/repository/org/springframework/boot/spring-boot-autoconfigure/3.3.3/spring-boot-autoconfigure-3.3.3.jar:/home/bdouirat/.m2/repository/ch/qos/logback/logback-classic/1.5.7/logback-classic-1.5.7.jar:/home/bdouirat/.m2/repository/ch/qos/logback/logback-core/1.5.7/logback-core-1.5.7.jar:/home/bdouirat/.m2/repository/org/apache/logging/log4j/log4j-to-slf4j/2.23.1/log4j-to-slf4j-2.23.1.jar:/home/bdouirat/.m2/repository/org/apache/logging/log4j/log4j-api/2.23.1/log4j-api-2.23.1.jar:/home/bdouirat/.m2/repository/org/slf4j/jul-to-slf4j/2.0.16/jul-to-slf4j-2.0.16.jar:/home/bdouirat/.m2/repository/jakarta/annotation/jakarta.annotation-api/2.1.1/jakarta.annotation-api-2.1.1.jar:/home/bdouirat/.m2/repository/org/yaml/snakeyaml/2.2/snakeyaml-2.2.jar:/home/bdouirat/.m2/repository/com/fasterxml/jackson/datatype/jackson-datatype-jdk8/2.17.2/jackson-datatype-jdk8-2.17.2.jar:/home/bdouirat/.m2/repository/com/fasterxml/jackson/datatype/jackson-datatype-jsr310/2.17.2/jackson-datatype-jsr310-2.17.2.jar:/home/bdouirat/.m2/repository/com/fasterxml/jackson/module/jackson-module-parameter-names/2.17.2/jackson-module-parameter-names-2.17.2.jar:/home/bdouirat/.m2/repository/org/apache/tomcat/embed/tomcat-embed-core/10.1.28/tomcat-embed-core-10.1.28.jar:/home/bdouirat/.m2/repository/org/apache/tomcat/embed/tomcat-embed-el/10.1.28/tomcat-embed-el-10.1.28.jar:/home/bdouirat/.m2/repository/org/apache/tomcat/embed/tomcat-embed-websocket/10.1.28/tomcat-embed-websocket-10.1.28.jar:/home/bdouirat/.m2/repository/org/springframework/spring-web/6.1.12/spring-web-6.1.12.jar:/home/bdouirat/.m2/repository/org/springframework/spring-beans/6.1.12/spring-beans-6.1.12.jar:/home/bdouirat/.m2/repository/io/micrometer/micrometer-observation/1.13.3/micrometer-observation-1.13.3.jar:/home/bdouirat/.m2/repository/io/micrometer/micrometer-commons/1.13.3/micrometer-commons-1.13.3.jar:/home/bdouirat/.m2/repository/org/springframework/spring-webmvc/6.1.12/spring-webmvc-6.1.12.jar:/home/bdouirat/.m2/repository/org/springframework/spring-context/6.1.12/spring-context-6.1.12.jar:/home/bdouirat/.m2/repository/org/springframework/spring-expression/6.1.12/spring-expression-6.1.12.jar:/home/bdouirat/.m2/repository/org/aspectj/aspectjweaver/1.9.22.1/aspectjweaver-1.9.22.1.jar:/home/bdouirat/.m2/repository/com/zaxxer/HikariCP/5.1.0/HikariCP-5.1.0.jar:/home/bdouirat/.m2/repository/org/springframework/spring-jdbc/6.1.12/spring-jdbc-6.1.12.jar:/home/bdouirat/.m2/repository/org/hibernate/orm/hibernate-core/6.5.2.Final/hibernate-core-6.5.2.Final.jar:/home/bdouirat/.m2/repository/jakarta/persistence/jakarta.persistence-api/3.1.0/jakarta.persistence-api-3.1.0.jar:/home/bdouirat/.m2/repository/jakarta/transaction/jakarta.transaction-api/2.0.1/jakarta.transaction-api-2.0.1.jar:/home/bdouirat/.m2/repository/org/jboss/logging/jboss-logging/3.5.3.Final/jboss-logging-3.5.3.Final.jar:/home/bdouirat/.m2/repository/org/hibernate/common/hibernate-commons-annotations/6.0.6.Final/hibernate-commons-annotations-6.0.6.Final.jar:/home/bdouirat/.m2/repository/io/smallrye/jandex/3.1.2/jandex-3.1.2.jar:/home/bdouirat/.m2/repository/com/fasterxml/classmate/1.7.0/classmate-1.7.0.jar:/home/bdouirat/.m2/repository/net/bytebuddy/byte-buddy/1.14.19/byte-buddy-1.14.19.jar:/home/bdouirat/.m2/repository/org/glassfish/jaxb/jaxb-runtime/4.0.5/jaxb-runtime-4.0.5.jar:/home/bdouirat/.m2/repository/org/glassfish/jaxb/jaxb-core/4.0.5/jaxb-core-4.0.5.jar:/home/bdouirat/.m2/repository/org/eclipse/angus/angus-activation/2.0.2/angus-activation-2.0.2.jar:/home/bdouirat/.m2/repository/org/glassfish/jaxb/txw2/4.0.5/txw2-4.0.5.jar:/home/bdouirat/.m2/repository/com/sun/istack/istack-commons-runtime/4.1.2/istack-commons-runtime-4.1.2.jar:/home/bdouirat/.m2/repository/jakarta/inject/jakarta.inject-api/2.0.1/jakarta.inject-api-2.0.1.jar:/home/bdouirat/.m2/repository/org/antlr/antlr4-runtime/4.13.0/antlr4-runtime-4.13.0.jar:/home/bdouirat/.m2/repository/org/springframework/data/spring-data-jpa/3.3.3/spring-data-jpa-3.3.3.jar:/home/bdouirat/.m2/repository/org/springframework/data/spring-data-commons/3.3.3/spring-data-commons-3.3.3.jar:/home/bdouirat/.m2/repository/org/springframework/spring-orm/6.1.12/spring-orm-6.1.12.jar:/home/bdouirat/.m2/repository/org/springframework/spring-tx/6.1.12/spring-tx-6.1.12.jar:/home/bdouirat/.m2/repository/org/springframework/spring-aspects/6.1.12/spring-aspects-6.1.12.jar:/home/bdouirat/.m2/repository/org/springframework/spring-aop/6.1.12/spring-aop-6.1.12.jar:/home/bdouirat/.m2/repository/org/springframework/security/spring-security-config/6.3.3/spring-security-config-6.3.3.jar:/home/bdouirat/.m2/repository/org/springframework/security/spring-security-core/6.3.3/spring-security-core-6.3.3.jar:/home/bdouirat/.m2/repository/org/springframework/security/spring-security-crypto/6.3.3/spring-security-crypto-6.3.3.jar:/home/bdouirat/.m2/repository/org/springframework/security/spring-security-web/6.3.3/spring-security-web-6.3.3.jar:/home/bdouirat/.m2/repository/io/jsonwebtoken/jjwt-api/0.11.5/jjwt-api-0.11.5.jar:/home/bdouirat/.m2/repository/io/jsonwebtoken/jjwt-impl/0.11.5/jjwt-impl-0.11.5.jar:/home/bdouirat/.m2/repository/io/jsonwebtoken/jjwt-jackson/0.11.5/jjwt-jackson-0.11.5.jar:/home/bdouirat/.m2/repository/com/fasterxml/jackson/core/jackson-databind/2.17.2/jackson-databind-2.17.2.jar:/home/bdouirat/.m2/repository/com/fasterxml/jackson/core/jackson-annotations/2.17.2/jackson-annotations-2.17.2.jar:/home/bdouirat/.m2/repository/com/fasterxml/jackson/core/jackson-core/2.17.2/jackson-core-2.17.2.jar:/home/bdouirat/.m2/repository/org/xerial/sqlite-jdbc/3.46.0.0/sqlite-jdbc-3.46.0.0.jar:/home/bdouirat/.m2/repository/org/slf4j/slf4j-api/2.0.16/slf4j-api-2.0.16.jar:/home/bdouirat/.m2/repository/org/projectlombok/lombok/1.18.34/lombok-1.18.34.jar:/home/bdouirat/.m2/repository/jakarta/xml/bind/jakarta.xml.bind-api/4.0.2/jakarta.xml.bind-api-4.0.2.jar:/home/bdouirat/.m2/repository/jakarta/activation/jakarta.activation-api/2.1.3/jakarta.activation-api-2.1.3.jar:/home/bdouirat/.m2/repository/org/springframework/spring-core/6.1.12/spring-core-6.1.12.jar:/home/bdouirat/.m2/repository/org/springframework/spring-jcl/6.1.12/spring-jcl-6.1.12.jar com.blog.backend.Application
[DEBUG] Environment variables: 

  .   ____          _            __ _ _
 /\\ / ___'_ __ _ _(_)_ __  __ _ \ \ \ \
( ( )\___ | '_ | '_| | '_ \/ _` | \ \ \ \
 \\/  ___)| |_)| | | | | || (_| |  ) ) ) )
  '  |____| .__|_| |_|_| |_\__, | / / / /
 =========|_|==============|___/=/_/_/_/

 :: Spring Boot ::                (v3.3.3)

2025-10-26T04:09:04.800+01:00  INFO 436442 --- [01blog] [           main] com.blog.backend.Application             : Starting Application using Java 17.0.16 with PID 436442 (/home/bdouirat/Desktop/01Blog/target/classes started by bdouirat in /home/bdouirat/Desktop/01Blog)
2025-10-26T04:09:04.801+01:00  INFO 436442 --- [01blog] [           main] com.blog.backend.Application             : No active profile set, falling back to 1 default profile: "default"
2025-10-26T04:09:05.044+01:00  INFO 436442 --- [01blog] [           main] .s.d.r.c.RepositoryConfigurationDelegate : Bootstrapping Spring Data JPA repositories in DEFAULT mode.
2025-10-26T04:09:05.066+01:00  INFO 436442 --- [01blog] [           main] .s.d.r.c.RepositoryConfigurationDelegate : Finished Spring Data repository scanning in 18 ms. Found 1 JPA repository interface.
2025-10-26T04:09:05.277+01:00  INFO 436442 --- [01blog] [           main] o.s.b.w.embedded.tomcat.TomcatWebServer  : Tomcat initialized with port 8080 (http)
2025-10-26T04:09:05.283+01:00  INFO 436442 --- [01blog] [           main] o.apache.catalina.core.StandardService   : Starting service [Tomcat]
2025-10-26T04:09:05.284+01:00  INFO 436442 --- [01blog] [           main] o.apache.catalina.core.StandardEngine    : Starting Servlet engine: [Apache Tomcat/10.1.28]
2025-10-26T04:09:05.305+01:00  INFO 436442 --- [01blog] [           main] o.a.c.c.C.[Tomcat].[localhost].[/]       : Initializing Spring embedded WebApplicationContext
2025-10-26T04:09:05.306+01:00  INFO 436442 --- [01blog] [           main] w.s.c.ServletWebServerApplicationContext : Root WebApplicationContext: initialization completed in 482 ms
2025-10-26T04:09:05.372+01:00  INFO 436442 --- [01blog] [           main] o.hibernate.jpa.internal.util.LogHelper  : HHH000204: Processing PersistenceUnitInfo [name: default]
2025-10-26T04:09:05.396+01:00  INFO 436442 --- [01blog] [           main] org.hibernate.Version                    : HHH000412: Hibernate ORM core version 6.5.2.Final
2025-10-26T04:09:05.408+01:00  INFO 436442 --- [01blog] [           main] o.h.c.internal.RegionFactoryInitiator    : HHH000026: Second-level cache disabled
2025-10-26T04:09:05.515+01:00  INFO 436442 --- [01blog] [           main] o.s.o.j.p.SpringPersistenceUnitInfo      : No LoadTimeWeaver setup: ignoring JPA class transformer
2025-10-26T04:09:05.525+01:00  INFO 436442 --- [01blog] [           main] com.zaxxer.hikari.HikariDataSource       : HikariPool-1 - Starting...
2025-10-26T04:09:05.589+01:00  INFO 436442 --- [01blog] [           main] com.zaxxer.hikari.pool.HikariPool        : HikariPool-1 - Added connection org.sqlite.jdbc4.JDBC4Connection@3b170235
2025-10-26T04:09:05.589+01:00  INFO 436442 --- [01blog] [           main] com.zaxxer.hikari.HikariDataSource       : HikariPool-1 - Start completed.
2025-10-26T04:09:05.600+01:00  WARN 436442 --- [01blog] [           main] o.h.e.j.e.i.JdbcEnvironmentInitiator     : HHH000342: Could not obtain connection to query metadata

org.hibernate.boot.registry.selector.spi.StrategySelectionException: Unable to resolve name [org.hibernate.dialect.SQLiteDialect] as strategy [org.hibernate.dialect.Dialect]
	at org.hibernate.boot.registry.selector.internal.StrategySelectorImpl.selectStrategyImplementor(StrategySelectorImpl.java:154) ~[hibernate-core-6.5.2.Final.jar:6.5.2.Final]
	at org.hibernate.boot.registry.selector.internal.StrategySelectorImpl.resolveStrategy(StrategySelectorImpl.java:236) ~[hibernate-core-6.5.2.Final.jar:6.5.2.Final]
	at org.hibernate.boot.registry.selector.internal.StrategySelectorImpl.resolveStrategy(StrategySelectorImpl.java:189) ~[hibernate-core-6.5.2.Final.jar:6.5.2.Final]
	at org.hibernate.engine.jdbc.dialect.internal.DialectFactoryImpl.constructDialect(DialectFactoryImpl.java:123) ~[hibernate-core-6.5.2.Final.jar:6.5.2.Final]
	at org.hibernate.engine.jdbc.dialect.internal.DialectFactoryImpl.buildDialect(DialectFactoryImpl.java:88) ~[hibernate-core-6.5.2.Final.jar:6.5.2.Final]
	at org.hibernate.engine.jdbc.env.internal.JdbcEnvironmentInitiator$1.execute(JdbcEnvironmentInitiator.java:323) ~[hibernate-core-6.5.2.Final.jar:6.5.2.Final]
	at org.hibernate.engine.jdbc.env.internal.JdbcEnvironmentInitiator$1.execute(JdbcEnvironmentInitiator.java:291) ~[hibernate-core-6.5.2.Final.jar:6.5.2.Final]
	at org.hibernate.jdbc.WorkExecutor.executeReturningWork(WorkExecutor.java:58) ~[hibernate-core-6.5.2.Final.jar:6.5.2.Final]
	at org.hibernate.jdbc.AbstractReturningWork.accept(AbstractReturningWork.java:34) ~[hibernate-core-6.5.2.Final.jar:6.5.2.Final]
	at org.hibernate.resource.transaction.backend.jdbc.internal.JdbcIsolationDelegate.delegateWork(JdbcIsolationDelegate.java:70) ~[hibernate-core-6.5.2.Final.jar:6.5.2.Final]
	at org.hibernate.engine.jdbc.env.internal.JdbcEnvironmentInitiator.getJdbcEnvironmentUsingJdbcMetadata(JdbcEnvironmentInitiator.java:290) ~[hibernate-core-6.5.2.Final.jar:6.5.2.Final]
	at org.hibernate.engine.jdbc.env.internal.JdbcEnvironmentInitiator.initiateService(JdbcEnvironmentInitiator.java:123) ~[hibernate-core-6.5.2.Final.jar:6.5.2.Final]
	at org.hibernate.engine.jdbc.env.internal.JdbcEnvironmentInitiator.initiateService(JdbcEnvironmentInitiator.java:77) ~[hibernate-core-6.5.2.Final.jar:6.5.2.Final]
	at org.hibernate.boot.registry.internal.StandardServiceRegistryImpl.initiateService(StandardServiceRegistryImpl.java:130) ~[hibernate-core-6.5.2.Final.jar:6.5.2.Final]
	at org.hibernate.service.internal.AbstractServiceRegistryImpl.createService(AbstractServiceRegistryImpl.java:263) ~[hibernate-core-6.5.2.Final.jar:6.5.2.Final]
	at org.hibernate.service.internal.AbstractServiceRegistryImpl.initializeService(AbstractServiceRegistryImpl.java:238) ~[hibernate-core-6.5.2.Final.jar:6.5.2.Final]
	at org.hibernate.service.internal.AbstractServiceRegistryImpl.getService(AbstractServiceRegistryImpl.java:215) ~[hibernate-core-6.5.2.Final.jar:6.5.2.Final]
	at org.hibernate.boot.model.relational.Database.<init>(Database.java:45) ~[hibernate-core-6.5.2.Final.jar:6.5.2.Final]
	at org.hibernate.boot.internal.InFlightMetadataCollectorImpl.getDatabase(InFlightMetadataCollectorImpl.java:221) ~[hibernate-core-6.5.2.Final.jar:6.5.2.Final]
	at org.hibernate.boot.internal.InFlightMetadataCollectorImpl.<init>(InFlightMetadataCollectorImpl.java:189) ~[hibernate-core-6.5.2.Final.jar:6.5.2.Final]
	at org.hibernate.boot.model.process.spi.MetadataBuildingProcess.complete(MetadataBuildingProcess.java:171) ~[hibernate-core-6.5.2.Final.jar:6.5.2.Final]
	at org.hibernate.jpa.boot.internal.EntityManagerFactoryBuilderImpl.metadata(EntityManagerFactoryBuilderImpl.java:1431) ~[hibernate-core-6.5.2.Final.jar:6.5.2.Final]
	at org.hibernate.jpa.boot.internal.EntityManagerFactoryBuilderImpl.build(EntityManagerFactoryBuilderImpl.java:1502) ~[hibernate-core-6.5.2.Final.jar:6.5.2.Final]
	at org.springframework.orm.jpa.vendor.SpringHibernateJpaPersistenceProvider.createContainerEntityManagerFactory(SpringHibernateJpaPersistenceProvider.java:75) ~[spring-orm-6.1.12.jar:6.1.12]
	at org.springframework.orm.jpa.LocalContainerEntityManagerFactoryBean.createNativeEntityManagerFactory(LocalContainerEntityManagerFactoryBean.java:390) ~[spring-orm-6.1.12.jar:6.1.12]
	at org.springframework.orm.jpa.AbstractEntityManagerFactoryBean.buildNativeEntityManagerFactory(AbstractEntityManagerFactoryBean.java:409) ~[spring-orm-6.1.12.jar:6.1.12]
	at org.springframework.orm.jpa.AbstractEntityManagerFactoryBean.afterPropertiesSet(AbstractEntityManagerFactoryBean.java:396) ~[spring-orm-6.1.12.jar:6.1.12]
	at org.springframework.orm.jpa.LocalContainerEntityManagerFactoryBean.afterPropertiesSet(LocalContainerEntityManagerFactoryBean.java:366) ~[spring-orm-6.1.12.jar:6.1.12]
	at org.springframework.beans.factory.support.AbstractAutowireCapableBeanFactory.invokeInitMethods(AbstractAutowireCapableBeanFactory.java:1853) ~[spring-beans-6.1.12.jar:6.1.12]
	at org.springframework.beans.factory.support.AbstractAutowireCapableBeanFactory.initializeBean(AbstractAutowireCapableBeanFactory.java:1802) ~[spring-beans-6.1.12.jar:6.1.12]
	at org.springframework.beans.factory.support.AbstractAutowireCapableBeanFactory.doCreateBean(AbstractAutowireCapableBeanFactory.java:600) ~[spring-beans-6.1.12.jar:6.1.12]
	at org.springframework.beans.factory.support.AbstractAutowireCapableBeanFactory.createBean(AbstractAutowireCapableBeanFactory.java:522) ~[spring-beans-6.1.12.jar:6.1.12]
	at org.springframework.beans.factory.support.AbstractBeanFactory.lambda$doGetBean$0(AbstractBeanFactory.java:337) ~[spring-beans-6.1.12.jar:6.1.12]
	at org.springframework.beans.factory.support.DefaultSingletonBeanRegistry.getSingleton(DefaultSingletonBeanRegistry.java:234) ~[spring-beans-6.1.12.jar:6.1.12]
	at org.springframework.beans.factory.support.AbstractBeanFactory.doGetBean(AbstractBeanFactory.java:335) ~[spring-beans-6.1.12.jar:6.1.12]
	at org.springframework.beans.factory.support.AbstractBeanFactory.getBean(AbstractBeanFactory.java:205) ~[spring-beans-6.1.12.jar:6.1.12]
	at org.springframework.context.support.AbstractApplicationContext.finishBeanFactoryInitialization(AbstractApplicationContext.java:954) ~[spring-context-6.1.12.jar:6.1.12]
	at org.springframework.context.support.AbstractApplicationContext.refresh(AbstractApplicationContext.java:625) ~[spring-context-6.1.12.jar:6.1.12]
	at org.springframework.boot.web.servlet.context.ServletWebServerApplicationContext.refresh(ServletWebServerApplicationContext.java:146) ~[spring-boot-3.3.3.jar:3.3.3]
	at org.springframework.boot.SpringApplication.refresh(SpringApplication.java:754) ~[spring-boot-3.3.3.jar:3.3.3]
	at org.springframework.boot.SpringApplication.refreshContext(SpringApplication.java:456) ~[spring-boot-3.3.3.jar:3.3.3]
	at org.springframework.boot.SpringApplication.run(SpringApplication.java:335) ~[spring-boot-3.3.3.jar:3.3.3]
	at org.springframework.boot.SpringApplication.run(SpringApplication.java:1363) ~[spring-boot-3.3.3.jar:3.3.3]
	at org.springframework.boot.SpringApplication.run(SpringApplication.java:1352) ~[spring-boot-3.3.3.jar:3.3.3]
	at com.blog.backend.Application.main(Application.java:12) ~[classes/:na]
Caused by: org.hibernate.boot.registry.classloading.spi.ClassLoadingException: Unable to load class [org.hibernate.dialect.SQLiteDialect]
	at org.hibernate.boot.registry.classloading.internal.ClassLoaderServiceImpl.classForName(ClassLoaderServiceImpl.java:126) ~[hibernate-core-6.5.2.Final.jar:6.5.2.Final]
	at org.hibernate.boot.registry.selector.internal.StrategySelectorImpl.selectStrategyImplementor(StrategySelectorImpl.java:150) ~[hibernate-core-6.5.2.Final.jar:6.5.2.Final]
	... 44 common frames omitted
Caused by: java.lang.ClassNotFoundException: Could not load requested class : org.hibernate.dialect.SQLiteDialect
	at org.hibernate.boot.registry.classloading.internal.AggregatedClassLoader.findClass(AggregatedClassLoader.java:216) ~[hibernate-core-6.5.2.Final.jar:6.5.2.Final]
	at java.base/java.lang.ClassLoader.loadClass(ClassLoader.java:592) ~[na:na]
	at java.base/java.lang.ClassLoader.loadClass(ClassLoader.java:525) ~[na:na]
	at java.base/java.lang.Class.forName0(Native Method) ~[na:na]
	at java.base/java.lang.Class.forName(Class.java:467) ~[na:na]
	at org.hibernate.boot.registry.classloading.internal.ClassLoaderServiceImpl.classForName(ClassLoaderServiceImpl.java:123) ~[hibernate-core-6.5.2.Final.jar:6.5.2.Final]
	... 45 common frames omitted
Caused by: java.lang.Throwable: null
	at org.hibernate.boot.registry.classloading.internal.AggregatedClassLoader.findClass(AggregatedClassLoader.java:209) ~[hibernate-core-6.5.2.Final.jar:6.5.2.Final]
	... 50 common frames omitted
	Suppressed: java.lang.ClassNotFoundException: org.hibernate.dialect.SQLiteDialect
		at java.base/jdk.internal.loader.BuiltinClassLoader.loadClass(BuiltinClassLoader.java:641) ~[na:na]
		at java.base/jdk.internal.loader.ClassLoaders$AppClassLoader.loadClass(ClassLoaders.java:188) ~[na:na]
		at java.base/java.lang.ClassLoader.loadClass(ClassLoader.java:525) ~[na:na]
		at org.hibernate.boot.registry.classloading.internal.AggregatedClassLoader.findClass(AggregatedClassLoader.java:206) ~[hibernate-core-6.5.2.Final.jar:6.5.2.Final]
		... 50 common frames omitted
	Suppressed: java.lang.ClassNotFoundException: org.hibernate.dialect.SQLiteDialect
		at java.base/jdk.internal.loader.BuiltinClassLoader.loadClass(BuiltinClassLoader.java:641) ~[na:na]
		at java.base/jdk.internal.loader.ClassLoaders$AppClassLoader.loadClass(ClassLoaders.java:188) ~[na:na]
		at java.base/java.lang.ClassLoader.loadClass(ClassLoader.java:525) ~[na:na]
		at org.hibernate.boot.registry.classloading.internal.AggregatedClassLoader.findClass(AggregatedClassLoader.java:206) ~[hibernate-core-6.5.2.Final.jar:6.5.2.Final]
		... 50 common frames omitted
	Suppressed: java.lang.ClassNotFoundException: org.hibernate.dialect.SQLiteDialect
		at java.base/jdk.internal.loader.BuiltinClassLoader.loadClass(BuiltinClassLoader.java:641) ~[na:na]
		at java.base/jdk.internal.loader.ClassLoaders$AppClassLoader.loadClass(ClassLoaders.java:188) ~[na:na]
		at java.base/java.lang.ClassLoader.loadClass(ClassLoader.java:525) ~[na:na]
		at org.hibernate.boot.registry.classloading.internal.AggregatedClassLoader.findClass(AggregatedClassLoader.java:206) ~[hibernate-core-6.5.2.Final.jar:6.5.2.Final]
		... 50 common frames omitted

2025-10-26T04:09:05.602+01:00 ERROR 436442 --- [01blog] [           main] j.LocalContainerEntityManagerFactoryBean : Failed to initialize JPA EntityManagerFactory: Unable to create requested service [org.hibernate.engine.jdbc.env.spi.JdbcEnvironment] due to: Unable to resolve name [org.hibernate.dialect.SQLiteDialect] as strategy [org.hibernate.dialect.Dialect]
2025-10-26T04:09:05.602+01:00  WARN 436442 --- [01blog] [           main] ConfigServletWebServerApplicationContext : Exception encountered during context initialization - cancelling refresh attempt: org.springframework.beans.factory.BeanCreationException: Error creating bean with name 'entityManagerFactory' defined in class path resource [org/springframework/boot/autoconfigure/orm/jpa/HibernateJpaConfiguration.class]: Unable to create requested service [org.hibernate.engine.jdbc.env.spi.JdbcEnvironment] due to: Unable to resolve name [org.hibernate.dialect.SQLiteDialect] as strategy [org.hibernate.dialect.Dialect]
2025-10-26T04:09:05.603+01:00  INFO 436442 --- [01blog] [           main] com.zaxxer.hikari.HikariDataSource       : HikariPool-1 - Shutdown initiated...
2025-10-26T04:09:05.603+01:00  INFO 436442 --- [01blog] [           main] com.zaxxer.hikari.HikariDataSource       : HikariPool-1 - Shutdown completed.
2025-10-26T04:09:05.604+01:00  INFO 436442 --- [01blog] [           main] o.apache.catalina.core.StandardService   : Stopping service [Tomcat]
2025-10-26T04:09:05.612+01:00  INFO 436442 --- [01blog] [           main] .s.b.a.l.ConditionEvaluationReportLogger : 

Error starting ApplicationContext. To display the condition evaluation report re-run your application with 'debug' enabled.
2025-10-26T04:09:05.619+01:00 ERROR 436442 --- [01blog] [           main] o.s.boot.SpringApplication               : Application run failed

org.springframework.beans.factory.BeanCreationException: Error creating bean with name 'entityManagerFactory' defined in class path resource [org/springframework/boot/autoconfigure/orm/jpa/HibernateJpaConfiguration.class]: Unable to create requested service [org.hibernate.engine.jdbc.env.spi.JdbcEnvironment] due to: Unable to resolve name [org.hibernate.dialect.SQLiteDialect] as strategy [org.hibernate.dialect.Dialect]
	at org.springframework.beans.factory.support.AbstractAutowireCapableBeanFactory.initializeBean(AbstractAutowireCapableBeanFactory.java:1806) ~[spring-beans-6.1.12.jar:6.1.12]
	at org.springframework.beans.factory.support.AbstractAutowireCapableBeanFactory.doCreateBean(AbstractAutowireCapableBeanFactory.java:600) ~[spring-beans-6.1.12.jar:6.1.12]
	at org.springframework.beans.factory.support.AbstractAutowireCapableBeanFactory.createBean(AbstractAutowireCapableBeanFactory.java:522) ~[spring-beans-6.1.12.jar:6.1.12]
	at org.springframework.beans.factory.support.AbstractBeanFactory.lambda$doGetBean$0(AbstractBeanFactory.java:337) ~[spring-beans-6.1.12.jar:6.1.12]
	at org.springframework.beans.factory.support.DefaultSingletonBeanRegistry.getSingleton(DefaultSingletonBeanRegistry.java:234) ~[spring-beans-6.1.12.jar:6.1.12]
	at org.springframework.beans.factory.support.AbstractBeanFactory.doGetBean(AbstractBeanFactory.java:335) ~[spring-beans-6.1.12.jar:6.1.12]
	at org.springframework.beans.factory.support.AbstractBeanFactory.getBean(AbstractBeanFactory.java:205) ~[spring-beans-6.1.12.jar:6.1.12]
	at org.springframework.context.support.AbstractApplicationContext.finishBeanFactoryInitialization(AbstractApplicationContext.java:954) ~[spring-context-6.1.12.jar:6.1.12]
	at org.springframework.context.support.AbstractApplicationContext.refresh(AbstractApplicationContext.java:625) ~[spring-context-6.1.12.jar:6.1.12]
	at org.springframework.boot.web.servlet.context.ServletWebServerApplicationContext.refresh(ServletWebServerApplicationContext.java:146) ~[spring-boot-3.3.3.jar:3.3.3]
	at org.springframework.boot.SpringApplication.refresh(SpringApplication.java:754) ~[spring-boot-3.3.3.jar:3.3.3]
	at org.springframework.boot.SpringApplication.refreshContext(SpringApplication.java:456) ~[spring-boot-3.3.3.jar:3.3.3]
	at org.springframework.boot.SpringApplication.run(SpringApplication.java:335) ~[spring-boot-3.3.3.jar:3.3.3]
	at org.springframework.boot.SpringApplication.run(SpringApplication.java:1363) ~[spring-boot-3.3.3.jar:3.3.3]
	at org.springframework.boot.SpringApplication.run(SpringApplication.java:1352) ~[spring-boot-3.3.3.jar:3.3.3]
	at com.blog.backend.Application.main(Application.java:12) ~[classes/:na]
Caused by: org.hibernate.service.spi.ServiceException: Unable to create requested service [org.hibernate.engine.jdbc.env.spi.JdbcEnvironment] due to: Unable to resolve name [org.hibernate.dialect.SQLiteDialect] as strategy [org.hibernate.dialect.Dialect]
	at org.hibernate.service.internal.AbstractServiceRegistryImpl.createService(AbstractServiceRegistryImpl.java:276) ~[hibernate-core-6.5.2.Final.jar:6.5.2.Final]
	at org.hibernate.service.internal.AbstractServiceRegistryImpl.initializeService(AbstractServiceRegistryImpl.java:238) ~[hibernate-core-6.5.2.Final.jar:6.5.2.Final]
	at org.hibernate.service.internal.AbstractServiceRegistryImpl.getService(AbstractServiceRegistryImpl.java:215) ~[hibernate-core-6.5.2.Final.jar:6.5.2.Final]
	at org.hibernate.boot.model.relational.Database.<init>(Database.java:45) ~[hibernate-core-6.5.2.Final.jar:6.5.2.Final]
	at org.hibernate.boot.internal.InFlightMetadataCollectorImpl.getDatabase(InFlightMetadataCollectorImpl.java:221) ~[hibernate-core-6.5.2.Final.jar:6.5.2.Final]
	at org.hibernate.boot.internal.InFlightMetadataCollectorImpl.<init>(InFlightMetadataCollectorImpl.java:189) ~[hibernate-core-6.5.2.Final.jar:6.5.2.Final]
	at org.hibernate.boot.model.process.spi.MetadataBuildingProcess.complete(MetadataBuildingProcess.java:171) ~[hibernate-core-6.5.2.Final.jar:6.5.2.Final]
	at org.hibernate.jpa.boot.internal.EntityManagerFactoryBuilderImpl.metadata(EntityManagerFactoryBuilderImpl.java:1431) ~[hibernate-core-6.5.2.Final.jar:6.5.2.Final]
	at org.hibernate.jpa.boot.internal.EntityManagerFactoryBuilderImpl.build(EntityManagerFactoryBuilderImpl.java:1502) ~[hibernate-core-6.5.2.Final.jar:6.5.2.Final]
	at org.springframework.orm.jpa.vendor.SpringHibernateJpaPersistenceProvider.createContainerEntityManagerFactory(SpringHibernateJpaPersistenceProvider.java:75) ~[spring-orm-6.1.12.jar:6.1.12]
	at org.springframework.orm.jpa.LocalContainerEntityManagerFactoryBean.createNativeEntityManagerFactory(LocalContainerEntityManagerFactoryBean.java:390) ~[spring-orm-6.1.12.jar:6.1.12]
	at org.springframework.orm.jpa.AbstractEntityManagerFactoryBean.buildNativeEntityManagerFactory(AbstractEntityManagerFactoryBean.java:409) ~[spring-orm-6.1.12.jar:6.1.12]
	at org.springframework.orm.jpa.AbstractEntityManagerFactoryBean.afterPropertiesSet(AbstractEntityManagerFactoryBean.java:396) ~[spring-orm-6.1.12.jar:6.1.12]
	at org.springframework.orm.jpa.LocalContainerEntityManagerFactoryBean.afterPropertiesSet(LocalContainerEntityManagerFactoryBean.java:366) ~[spring-orm-6.1.12.jar:6.1.12]
	at org.springframework.beans.factory.support.AbstractAutowireCapableBeanFactory.invokeInitMethods(AbstractAutowireCapableBeanFactory.java:1853) ~[spring-beans-6.1.12.jar:6.1.12]
	at org.springframework.beans.factory.support.AbstractAutowireCapableBeanFactory.initializeBean(AbstractAutowireCapableBeanFactory.java:1802) ~[spring-beans-6.1.12.jar:6.1.12]
	... 15 common frames omitted
Caused by: org.hibernate.boot.registry.selector.spi.StrategySelectionException: Unable to resolve name [org.hibernate.dialect.SQLiteDialect] as strategy [org.hibernate.dialect.Dialect]
	at org.hibernate.boot.registry.selector.internal.StrategySelectorImpl.selectStrategyImplementor(StrategySelectorImpl.java:154) ~[hibernate-core-6.5.2.Final.jar:6.5.2.Final]
	at org.hibernate.boot.registry.selector.internal.StrategySelectorImpl.resolveStrategy(StrategySelectorImpl.java:236) ~[hibernate-core-6.5.2.Final.jar:6.5.2.Final]
	at org.hibernate.boot.registry.selector.internal.StrategySelectorImpl.resolveStrategy(StrategySelectorImpl.java:189) ~[hibernate-core-6.5.2.Final.jar:6.5.2.Final]
	at org.hibernate.engine.jdbc.dialect.internal.DialectFactoryImpl.constructDialect(DialectFactoryImpl.java:123) ~[hibernate-core-6.5.2.Final.jar:6.5.2.Final]
	at org.hibernate.engine.jdbc.dialect.internal.DialectFactoryImpl.buildDialect(DialectFactoryImpl.java:88) ~[hibernate-core-6.5.2.Final.jar:6.5.2.Final]
	at org.hibernate.engine.jdbc.env.internal.JdbcEnvironmentInitiator.getJdbcEnvironmentWithDefaults(JdbcEnvironmentInitiator.java:152) ~[hibernate-core-6.5.2.Final.jar:6.5.2.Final]
	at org.hibernate.engine.jdbc.env.internal.JdbcEnvironmentInitiator.getJdbcEnvironmentUsingJdbcMetadata(JdbcEnvironmentInitiator.java:362) ~[hibernate-core-6.5.2.Final.jar:6.5.2.Final]
	at org.hibernate.engine.jdbc.env.internal.JdbcEnvironmentInitiator.initiateService(JdbcEnvironmentInitiator.java:123) ~[hibernate-core-6.5.2.Final.jar:6.5.2.Final]
	at org.hibernate.engine.jdbc.env.internal.JdbcEnvironmentInitiator.initiateService(JdbcEnvironmentInitiator.java:77) ~[hibernate-core-6.5.2.Final.jar:6.5.2.Final]
	at org.hibernate.boot.registry.internal.StandardServiceRegistryImpl.initiateService(StandardServiceRegistryImpl.java:130) ~[hibernate-core-6.5.2.Final.jar:6.5.2.Final]
	at org.hibernate.service.internal.AbstractServiceRegistryImpl.createService(AbstractServiceRegistryImpl.java:263) ~[hibernate-core-6.5.2.Final.jar:6.5.2.Final]
	... 30 common frames omitted
Caused by: org.hibernate.boot.registry.classloading.spi.ClassLoadingException: Unable to load class [org.hibernate.dialect.SQLiteDialect]
	at org.hibernate.boot.registry.classloading.internal.ClassLoaderServiceImpl.classForName(ClassLoaderServiceImpl.java:126) ~[hibernate-core-6.5.2.Final.jar:6.5.2.Final]
	at org.hibernate.boot.registry.selector.internal.StrategySelectorImpl.selectStrategyImplementor(StrategySelectorImpl.java:150) ~[hibernate-core-6.5.2.Final.jar:6.5.2.Final]
	... 40 common frames omitted
Caused by: java.lang.ClassNotFoundException: Could not load requested class : org.hibernate.dialect.SQLiteDialect
	at org.hibernate.boot.registry.classloading.internal.AggregatedClassLoader.findClass(AggregatedClassLoader.java:216) ~[hibernate-core-6.5.2.Final.jar:6.5.2.Final]
	at java.base/java.lang.ClassLoader.loadClass(ClassLoader.java:592) ~[na:na]
	at java.base/java.lang.ClassLoader.loadClass(ClassLoader.java:525) ~[na:na]
	at java.base/java.lang.Class.forName0(Native Method) ~[na:na]
	at java.base/java.lang.Class.forName(Class.java:467) ~[na:na]
	at org.hibernate.boot.registry.classloading.internal.ClassLoaderServiceImpl.classForName(ClassLoaderServiceImpl.java:123) ~[hibernate-core-6.5.2.Final.jar:6.5.2.Final]
	... 41 common frames omitted
Caused by: java.lang.Throwable: null
	at org.hibernate.boot.registry.classloading.internal.AggregatedClassLoader.findClass(AggregatedClassLoader.java:209) ~[hibernate-core-6.5.2.Final.jar:6.5.2.Final]
	... 46 common frames omitted
	Suppressed: java.lang.ClassNotFoundException: org.hibernate.dialect.SQLiteDialect
		at java.base/jdk.internal.loader.BuiltinClassLoader.loadClass(BuiltinClassLoader.java:641) ~[na:na]
		at java.base/jdk.internal.loader.ClassLoaders$AppClassLoader.loadClass(ClassLoaders.java:188) ~[na:na]
		at java.base/java.lang.ClassLoader.loadClass(ClassLoader.java:525) ~[na:na]
		at org.hibernate.boot.registry.classloading.internal.AggregatedClassLoader.findClass(AggregatedClassLoader.java:206) ~[hibernate-core-6.5.2.Final.jar:6.5.2.Final]
		... 46 common frames omitted
	Suppressed: java.lang.ClassNotFoundException: org.hibernate.dialect.SQLiteDialect
		at java.base/jdk.internal.loader.BuiltinClassLoader.loadClass(BuiltinClassLoader.java:641) ~[na:na]
		at java.base/jdk.internal.loader.ClassLoaders$AppClassLoader.loadClass(ClassLoaders.java:188) ~[na:na]
		at java.base/java.lang.ClassLoader.loadClass(ClassLoader.java:525) ~[na:na]
		at org.hibernate.boot.registry.classloading.internal.AggregatedClassLoader.findClass(AggregatedClassLoader.java:206) ~[hibernate-core-6.5.2.Final.jar:6.5.2.Final]
		... 46 common frames omitted
	Suppressed: java.lang.ClassNotFoundException: org.hibernate.dialect.SQLiteDialect
		at java.base/jdk.internal.loader.BuiltinClassLoader.loadClass(BuiltinClassLoader.java:641) ~[na:na]
		at java.base/jdk.internal.loader.ClassLoaders$AppClassLoader.loadClass(ClassLoaders.java:188) ~[na:na]
		at java.base/java.lang.ClassLoader.loadClass(ClassLoader.java:525) ~[na:na]
		at org.hibernate.boot.registry.classloading.internal.AggregatedClassLoader.findClass(AggregatedClassLoader.java:206) ~[hibernate-core-6.5.2.Final.jar:6.5.2.Final]
		... 46 common frames omitted

[INFO] ------------------------------------------------------------------------
[INFO] BUILD FAILURE
[INFO] ------------------------------------------------------------------------
[INFO] Total time:  1.704 s
[INFO] Finished at: 2025-10-26T04:09:05+01:00
[INFO] ------------------------------------------------------------------------
[ERROR] Failed to execute goal org.springframework.boot:spring-boot-maven-plugin:3.3.3:run (default-cli) on project backend: Process terminated with exit code: 1 -> [Help 1]
org.apache.maven.lifecycle.LifecycleExecutionException: Failed to execute goal org.springframework.boot:spring-boot-maven-plugin:3.3.3:run (default-cli) on project backend: Process terminated with exit code: 1
    at org.apache.maven.lifecycle.internal.MojoExecutor.doExecute2 (MojoExecutor.java:333)
    at org.apache.maven.lifecycle.internal.MojoExecutor.doExecute (MojoExecutor.java:316)
    at org.apache.maven.lifecycle.internal.MojoExecutor.execute (MojoExecutor.java:212)
    at org.apache.maven.lifecycle.internal.MojoExecutor.execute (MojoExecutor.java:174)
    at org.apache.maven.lifecycle.internal.MojoExecutor.access$000 (MojoExecutor.java:75)
    at org.apache.maven.lifecycle.internal.MojoExecutor$1.run (MojoExecutor.java:162)
    at org.apache.maven.plugin.DefaultMojosExecutionStrategy.execute (DefaultMojosExecutionStrategy.java:39)
    at org.apache.maven.lifecycle.internal.MojoExecutor.execute (MojoExecutor.java:159)
    at org.apache.maven.lifecycle.internal.LifecycleModuleBuilder.buildProject (LifecycleModuleBuilder.java:105)
    at org.apache.maven.lifecycle.internal.LifecycleModuleBuilder.buildProject (LifecycleModuleBuilder.java:73)
    at org.apache.maven.lifecycle.internal.builder.singlethreaded.SingleThreadedBuilder.build (SingleThreadedBuilder.java:53)
    at org.apache.maven.lifecycle.internal.LifecycleStarter.execute (LifecycleStarter.java:118)
    at org.apache.maven.DefaultMaven.doExecute (DefaultMaven.java:261)
    at org.apache.maven.DefaultMaven.doExecute (DefaultMaven.java:173)
    at org.apache.maven.DefaultMaven.execute (DefaultMaven.java:101)
    at org.apache.maven.cli.MavenCli.execute (MavenCli.java:906)
    at org.apache.maven.cli.MavenCli.doMain (MavenCli.java:283)
    at org.apache.maven.cli.MavenCli.main (MavenCli.java:206)
    at jdk.internal.reflect.NativeMethodAccessorImpl.invoke0 (Native Method)
    at jdk.internal.reflect.NativeMethodAccessorImpl.invoke (NativeMethodAccessorImpl.java:77)
    at jdk.internal.reflect.DelegatingMethodAccessorImpl.invoke (DelegatingMethodAccessorImpl.java:43)
    at java.lang.reflect.Method.invoke (Method.java:569)
    at org.codehaus.plexus.classworlds.launcher.Launcher.launchEnhanced (Launcher.java:283)
    at org.codehaus.plexus.classworlds.launcher.Launcher.launch (Launcher.java:226)
    at org.codehaus.plexus.classworlds.launcher.Launcher.mainWithExitCode (Launcher.java:407)
    at org.codehaus.plexus.classworlds.launcher.Launcher.main (Launcher.java:348)
Caused by: org.apache.maven.plugin.MojoExecutionException: Process terminated with exit code: 1
    at org.springframework.boot.maven.JavaProcessExecutor.run (JavaProcessExecutor.java:74)
    at org.springframework.boot.maven.RunMojo.run (RunMojo.java:76)
    at org.springframework.boot.maven.AbstractRunMojo.run (AbstractRunMojo.java:251)
    at org.springframework.boot.maven.AbstractRunMojo.execute (AbstractRunMojo.java:214)
    at org.apache.maven.plugin.DefaultBuildPluginManager.executeMojo (DefaultBuildPluginManager.java:126)
    at org.apache.maven.lifecycle.internal.MojoExecutor.doExecute2 (MojoExecutor.java:328)
    at org.apache.maven.lifecycle.internal.MojoExecutor.doExecute (MojoExecutor.java:316)
    at org.apache.maven.lifecycle.internal.MojoExecutor.execute (MojoExecutor.java:212)
    at org.apache.maven.lifecycle.internal.MojoExecutor.execute (MojoExecutor.java:174)
    at org.apache.maven.lifecycle.internal.MojoExecutor.access$000 (MojoExecutor.java:75)
    at org.apache.maven.lifecycle.internal.MojoExecutor$1.run (MojoExecutor.java:162)
    at org.apache.maven.plugin.DefaultMojosExecutionStrategy.execute (DefaultMojosExecutionStrategy.java:39)
    at org.apache.maven.lifecycle.internal.MojoExecutor.execute (MojoExecutor.java:159)
    at org.apache.maven.lifecycle.internal.LifecycleModuleBuilder.buildProject (LifecycleModuleBuilder.java:105)
    at org.apache.maven.lifecycle.internal.LifecycleModuleBuilder.buildProject (LifecycleModuleBuilder.java:73)
    at org.apache.maven.lifecycle.internal.builder.singlethreaded.SingleThreadedBuilder.build (SingleThreadedBuilder.java:53)
    at org.apache.maven.lifecycle.internal.LifecycleStarter.execute (LifecycleStarter.java:118)
    at org.apache.maven.DefaultMaven.doExecute (DefaultMaven.java:261)
    at org.apache.maven.DefaultMaven.doExecute (DefaultMaven.java:173)
    at org.apache.maven.DefaultMaven.execute (DefaultMaven.java:101)
    at org.apache.maven.cli.MavenCli.execute (MavenCli.java:906)
    at org.apache.maven.cli.MavenCli.doMain (MavenCli.java:283)
    at org.apache.maven.cli.MavenCli.main (MavenCli.java:206)
    at jdk.internal.reflect.NativeMethodAccessorImpl.invoke0 (Native Method)
    at jdk.internal.reflect.NativeMethodAccessorImpl.invoke (NativeMethodAccessorImpl.java:77)
    at jdk.internal.reflect.DelegatingMethodAccessorImpl.invoke (DelegatingMethodAccessorImpl.java:43)
    at java.lang.reflect.Method.invoke (Method.java:569)
    at org.codehaus.plexus.classworlds.launcher.Launcher.launchEnhanced (Launcher.java:283)
    at org.codehaus.plexus.classworlds.launcher.Launcher.launch (Launcher.java:226)
    at org.codehaus.plexus.classworlds.launcher.Launcher.mainWithExitCode (Launcher.java:407)
    at org.codehaus.plexus.classworlds.launcher.Launcher.main (Launcher.java:348)
[ERROR] 
[ERROR] 
[ERROR] For more information about the errors and possible solutions, please read the following articles:
[ERROR] [Help 1] http://cwiki.apache.org/confluence/display/MAVEN/MojoExecutionException
[DEBUG] Shutting down adapter factory; available factories [file-lock, rwlock-local, semaphore-local, noop]; available name mappers [discriminating, file-gav, file-hgav, file-static, gav, static]
[DEBUG] Shutting down 'file-lock' factory
[DEBUG] Shutting down 'rwlock-local' factory
[DEBUG] Shutting down 'semaphore-local' factory
[DEBUG] Shutting down 'noop' factory
